-- Dump gerado automaticamente para migração MySQL - ÓoDelivery
-- Data: 2026-01-28 02:22:15
SET FOREIGN_KEY_CHECKS=0;
SET SQL_MODE = "NO_AUTO_VALUE_ON_ZERO";

-- Tabela: migrations
DELETE FROM `migrations`;
INSERT INTO `migrations` (`id`, `migration`, `batch`) VALUES 
(1, '0001_01_01_000000_create_users_table', 1),
(2, '0001_01_01_000001_create_cache_table', 1),
(3, '0001_01_01_000002_create_jobs_table', 1),
(4, '2026_01_21_224426_create_tenants_table', 1),
(6, '2026_01_21_224451_create_customer_addresses_table', 1),
(7, '2026_01_21_224453_create_categories_table', 1),
(8, '2026_01_21_224454_create_products_table', 1),
(9, '2026_01_21_224500_create_complement_groups_table', 1),
(10, '2026_01_21_224501_create_complement_options_table', 1),
(11, '2026_01_21_224502_create_product_complement_groups_table', 1),
(12, '2026_01_21_224503_create_coupons_table', 1),
(13, '2026_01_21_224504_create_tables_table', 1),
(14, '2026_01_21_224510_create_orders_table', 1),
(15, '2026_01_21_224511_create_order_items_table', 1),
(16, '2026_01_21_224512_create_order_item_complements_table', 1),
(17, '2026_01_21_224513_create_payments_table', 1),
(18, '2026_01_21_224514_create_coupon_usage_table', 1),
(19, '2026_01_21_224520_create_loyalty_points_history_table', 1),
(20, '2026_01_21_224521_create_loyalty_promotions_table', 1),
(21, '2026_01_21_224522_create_delivery_zones_table', 1),
(22, '2026_01_21_224523_create_neighborhood_fees_table', 1),
(23, '2026_01_21_224530_create_store_settings_table', 1),
(24, '2026_01_21_224540_create_cash_registers_table', 1),
(25, '2026_01_21_224541_create_expenses_table', 1),
(26, '2026_01_21_224542_create_employee_payments_table', 1),
(27, '2026_01_21_224543_create_stock_movements_table', 1),
(28, '2026_01_21_224544_create_media_table', 1),
(29, '2026_01_21_224550_create_notifications_table', 1),
(30, '2026_01_21_224551_create_push_subscriptions_table', 1),
(31, '2026_01_21_224552_create_security_events_table', 1),
(32, '2026_01_21_224553_create_audit_logs_table', 1),
(33, '2026_01_21_224554_create_motoboy_location_history_table', 1),
(34, '2026_01_22_031056_create_personal_access_tokens_table', 2),
(35, '2026_01_21_224449_create_customers_table', 3),
(36, '2026_01_23_005303_create_ingredients_table', 4),
(37, '2026_01_23_005307_add_ingredient_id_to_complement_options_table', 4),
(38, '2026_01_23_005500_add_max_quantity_to_complement_options_table', 5),
(39, '2026_01_23_021043_add_images_to_store_settings_table', 6),
(40, '2026_01_23_021045_create_delivery_zones_table', 6),
(41, '2026_01_23_021046_create_payment_methods_table', 6),
(47, '2026_01_24_012320_create_api_credentials_table', 7),
(48, '2026_01_24_012322_create_permissions_tables', 7),
(49, '2026_01_24_165553_add_columns_to_store_settings_table', 8),
(50, '2026_01_24_200000_add_subscription_columns_to_tenants_table', 9),
(51, '2026_01_24_200001_create_plan_limits_table', 9),
(52, '2026_01_24_200002_create_subscription_history_table', 9),
(54, '2026_01_24_200101_add_max_stock_items_to_tenants_table', 10),
(55, '2026_01_24_200102_adjust_user_limits_by_plan', 11),
(56, '2026_01_24_210000_create_super_admin_user', 12),
(57, '2026_01_25_002440_add_notification_settings_to_store_settings_table', 13),
(58, '2026_01_25_003126_add_pix_fields_to_payment_methods', 14),
(59, '2026_01_25_110000_add_missing_fields_to_store_settings_table', 15),
(60, '2026_01_25_005916_add_status_controls_to_store_settings', 16),
(61, '2026_01_25_124939_create_whatsapp_instances_table', 17),
(62, '2026_01_25_124941_create_whatsapp_templates_table', 17),
(63, '2026_01_25_124942_create_whatsapp_message_logs_table', 17),
(64, '2026_01_25_125612_add_whatsapp_settings_to_store_settings_table', 17),
(65, '2026_01_24_200100_update_plans_with_new_specs', 18),
(66, '2026_01_25_133719_add_default_motoboy_id_to_store_settings_table', 19),
(67, '2026_01_25_134503_add_preparation_timing_to_orders_table', 20),
(68, '2026_01_25_150000_add_two_factor_to_users_table', 21),
(69, '2026_01_25_add_category_type_to_categories', 22),
(70, '2026_01_25_add_is_loyalty_redemption_to_order_items', 22),
(71, '2026_01_25_add_loyalty_tier_to_customers', 22),
(72, '2026_01_26_011239_add_badges_to_products_table', 23),
(73, '2026_01_25_add_soft_deletes_to_orders', 24),
(74, '2026_01_25_set_default_loyalty_tier', 24),
(77, '2026_01_26_034851_add_suspension_reason_to_tenants_table', 25),
(78, '2026_01_28_000001_remove_trial_logic', 25),
(79, '2026_01_28_000002_adjust_free_plan_limits', 25),
(80, '2026_01_28_000003_remove_watermark_from_basic', 25),
(81, '2026_01_28_000004_adjust_free_plan_balanced', 26),
(82, '2026_01_28_000005_improve_basic_plan', 26),
(83, '2026_01_28_000006_rename_pro_to_custom', 26),
(84, '2026_01_28_000007_remove_motoboys_from_free', 27);

-- Tabela: users
DELETE FROM `users`;
INSERT INTO `users` (`id`, `tenant_id`, `name`, `email`, `phone`, `email_verified_at`, `password`, `avatar_url`, `role`, `is_available`, `is_active`, `remember_token`, `created_at`, `updated_at`, `deleted_at`, `two_factor_secret`, `two_factor_recovery_codes`, `two_factor_confirmed_at`) VALUES 
('66ef6eac-eec3-4889-9e05-2f1f2ff093fe', NULL, 'Super Admin', 'admin@happyplace.com', NULL, NULL, '$2y$12$PeIRvDgOG2Qs6oCP5sCs0uP0pd4nJSP5No8MvFE6JSb3/h2bhv6Xq', NULL, 'super_admin', 1, 1, NULL, '2026-01-22 03:12:07', '2026-01-22 03:12:07', NULL, NULL, NULL, NULL),
('bd02b6a3-1b16-4722-b148-059665f86a21', '259feb9b-5f9a-43d3-a4c5-81aed1fe9140', 'Zé da Pizza', 'ze@pizzariadoze.com', NULL, NULL, '$2y$12$whZBJMq54XYJo0hZRGyluu1eqwysQKcQWQZgcXYWXfE.TDEo7RqFa', NULL, 'admin', 1, 1, NULL, '2026-01-22 03:12:07', '2026-01-22 03:12:07', NULL, NULL, NULL, NULL),
('567d7bbb-ac86-4e6a-9c6c-8ee083191666', NULL, 'Test Tenant', 'test@tenant.com', NULL, NULL, '$2y$12$oVmgGRZdznQh7XN0cqmX4Om0QcXcJMrC4OmP.c93ygoGJ7Ry/9ACe', NULL, 'admin', 1, 1, NULL, '2026-01-22 04:23:49', '2026-01-22 04:23:49', NULL, NULL, NULL, NULL),
('1bf6c4e4-0b6e-422b-a4cf-ac8b7874d728', NULL, 'Super Admin', 'admin@oodelivery.online', NULL, '2026-01-24 21:33:34', '$2y$12$JoSvW7af9qLTVESQSRidZOy0iL1EzU1x0SbdJpcUPjfWTAjFeXe1K', NULL, 'super_admin', 1, 1, 'Jy0THRmkvhZSer03nwgHp4N9nC9oS7qC9XjeEbjGGV3bxof1oapMU3ddyPjm', '2026-01-24 21:33:34', '2026-01-24 21:33:34', NULL, NULL, NULL, NULL),
('c147b742-62f8-4e0e-b43e-ea81f4e3dfde', '77be2b77-524f-48df-b16f-84266cba17e7', 'Pizza Calabresa', 'ewerton147@gmail.com', '(81) 99852-8017', NULL, '$2y$12$A3d44Zxwy87him2jcfRlRegmujkhpglOoSJZHRhMJdW6O39iQN7p.', NULL, 'admin', 1, 1, NULL, '2026-01-24 23:44:58', '2026-01-24 23:44:58', NULL, NULL, NULL, NULL),
('377a8d5a-b8b1-438d-9b04-e1a4bd341616', '8f99aef9-f9d7-46ce-9d39-8859e39638aa', 'Coca-Cola 2L', 'vertinhotv@gmail.com', '(81) 99629-9224', NULL, '$2y$12$SMH3IXN52TyintSLBPy.du/oj9C3aoRvRSE89MJgaiNCH.UzC1r7G', NULL, 'admin', 1, 1, NULL, '2026-01-25 12:41:11', '2026-01-25 12:41:11', NULL, NULL, NULL, NULL);

-- Tabela: password_reset_tokens
DELETE FROM `password_reset_tokens`;
-- Tabela: sessions
DELETE FROM `sessions`;
INSERT INTO `sessions` (`id`, `user_id`, `ip_address`, `user_agent`, `payload`, `last_activity`) VALUES 
('WkMnWBUjUBV0oUnwl6MrAcpqj5XMyXvJbCksveie', NULL, '127.0.0.1', 'Mozilla/5.0 (Windows NT 10.0; Win64; x64) AppleWebKit/537.36 (KHTML, like Gecko) Chrome/144.0.0.0 Safari/537.36', 'YToyOntzOjY6Il90b2tlbiI7czo0MDoiQ2JuMXJOaXRETDM4czhEdHV1ZktGbVFBdXNHdDlVSmhPUFk3emFZZCI7czo2OiJfZmxhc2giO2E6Mjp7czozOiJvbGQiO2E6MDp7fXM6MzoibmV3IjthOjA6e319fQ==', 1769566688);

-- Tabela: cache
DELETE FROM `cache`;
INSERT INTO `cache` (`key`, `value`, `expiration`) VALUES 
('oodelivery-cache-1b9efb0b325e4ee0e5172b2f9eacc8984e4d8f65:timer', 'i:1769399554;', 1769399554),
('oodelivery-cache-1b9efb0b325e4ee0e5172b2f9eacc8984e4d8f65', 'i:1;', 1769399554),
('oodelivery-cache-5c785c036466adea360111aa28563bfd556b5fba:timer', 'i:1769562951;', 1769562951),
('oodelivery-cache-5c785c036466adea360111aa28563bfd556b5fba', 'i:2;', 1769562951),
('oodelivery-cache-5d35a0092013af4175d9d8dfd7ca423c0c80b52d:timer', 'i:1769566532;', 1769566532),
('oodelivery-cache-5d35a0092013af4175d9d8dfd7ca423c0c80b52d', 'i:3;', 1769566532),
('oodelivery-cache-guest_127.0.0.1:timer', 'i:1769566747;', 1769566747),
('oodelivery-cache-guest_127.0.0.1', 'i:2;', 1769566747);

-- Tabela: cache_locks
DELETE FROM `cache_locks`;
-- Tabela: jobs
DELETE FROM `jobs`;
-- Tabela: job_batches
DELETE FROM `job_batches`;
-- Tabela: failed_jobs
DELETE FROM `failed_jobs`;
-- Tabela: tenants
DELETE FROM `tenants`;
INSERT INTO `tenants` (`id`, `name`, `slug`, `logo_url`, `email`, `phone`, `whatsapp`, `address`, `operating_hours`, `timezone`, `is_active`, `is_open`, `trial_ends_at`, `subscription_ends_at`, `plan`, `created_at`, `updated_at`, `deleted_at`, `max_users`, `max_products`, `is_suspended`, `billing_cycle`, `next_billing_date`, `stripe_customer_id`, `stripe_subscription_id`, `max_orders_per_month`, `max_categories`, `max_motoboys`, `max_storage_mb`, `features`, `custom_domain`, `show_watermark`, `max_stock_items`, `suspension_reason`, `subscription_status`) VALUES 
('259feb9b-5f9a-43d3-a4c5-81aed1fe9140', 'Pizzaria do Zé', 'pizzaria-do-ze', NULL, 'contato@pizzariadoze.com', NULL, NULL, NULL, NULL, 'America/Sao_Paulo', 1, 1, NULL, NULL, 'custom', '2026-01-22 03:12:07', '2026-01-28 01:49:13', NULL, 5, 50, 0, 'monthly', NULL, NULL, NULL, NULL, NULL, NULL, NULL, NULL, NULL, 1, NULL, NULL, 'active'),
('77be2b77-524f-48df-b16f-84266cba17e7', 'vertinholanches', 'vertinholanches', NULL, 'ewerton147@gmail.com', '(81) 99852-8017', '(81) 99852-8017', NULL, NULL, 'America/Sao_Paulo', 1, 0, '2026-02-07 23:44:57', NULL, 'free', '2026-01-24 23:44:57', '2026-01-24 23:44:57', NULL, 5, 100, 0, 'monthly', NULL, NULL, NULL, NULL, NULL, NULL, NULL, NULL, NULL, 1, NULL, NULL, 'active'),
('8f99aef9-f9d7-46ce-9d39-8859e39638aa', 'vertinholanches', 'vertinholanches-1', NULL, 'vertinhotv@gmail.com', '(81) 99629-9224', '(81) 99629-9224', NULL, NULL, 'America/Sao_Paulo', 1, 0, '2026-02-08 12:41:10', NULL, 'free', '2026-01-25 12:41:11', '2026-01-25 12:41:11', NULL, 5, 100, 0, 'monthly', NULL, NULL, NULL, NULL, NULL, NULL, NULL, NULL, NULL, 1, NULL, NULL, 'active');

-- Tabela: customer_addresses
DELETE FROM `customer_addresses`;
-- Tabela: categories
DELETE FROM `categories`;
INSERT INTO `categories` (`id`, `tenant_id`, `name`, `description`, `image_url`, `sort_order`, `is_active`, `created_at`, `updated_at`, `category_type`) VALUES 
('bcb2d64a-a449-4c60-8e64-784e934450cc', '259feb9b-5f9a-43d3-a4c5-81aed1fe9140', 'teste', NULL, NULL, 0, 1, '2026-01-22 23:48:18', '2026-01-22 23:48:18', 'regular'),
('42e16c76-e9d5-4745-9a96-9a511977f41a', '8f99aef9-f9d7-46ce-9d39-8859e39638aa', 'comida', NULL, NULL, 0, 1, '2026-01-25 18:55:46', '2026-01-25 18:55:46', 'regular');

-- Tabela: products
DELETE FROM `products`;
INSERT INTO `products` (`id`, `tenant_id`, `category_id`, `name`, `description`, `price`, `promotional_price`, `image_url`, `prep_time_minutes`, `is_available`, `is_featured`, `loyalty_earns_points`, `loyalty_redeemable`, `loyalty_points_cost`, `stock_quantity`, `track_stock`, `sort_order`, `created_at`, `updated_at`, `deleted_at`, `is_promotional`, `is_new`, `is_exclusive`) VALUES 
('8148d23b-2bba-4840-bb37-5a67a16156d2', '259feb9b-5f9a-43d3-a4c5-81aed1fe9140', 'bcb2d64a-a449-4c60-8e64-784e934450cc', 'Pizza Calabresa', NULL, 45, NULL, NULL, 15, 1, 0, 1, 0, NULL, NULL, 0, 0, '2026-01-22 03:31:18', '2026-01-24 19:22:20', NULL, 0, 0, 0),
('306a57be-58c7-4b75-86c0-183c8caae16d', '259feb9b-5f9a-43d3-a4c5-81aed1fe9140', 'bcb2d64a-a449-4c60-8e64-784e934450cc', 'Coca-Cola 2L', NULL, 12, NULL, NULL, 15, 1, 0, 1, 0, NULL, 0, 0, 0, '2026-01-22 03:31:18', '2026-01-24 18:59:53', NULL, 0, 0, 0),
('78f48a34-4657-448b-ba99-aa962ec4fca4', '77be2b77-524f-48df-b16f-84266cba17e7', NULL, 'teste', NULL, 5, NULL, NULL, 15, 1, 0, 1, 0, NULL, NULL, 0, 0, '2026-01-25 00:18:58', '2026-01-25 00:19:14', '2026-01-25 00:19:14', 0, 0, 0),
('e74f5a97-2986-424c-8775-f688ed9f69ce', '77be2b77-524f-48df-b16f-84266cba17e7', NULL, 'teste', NULL, 5, NULL, NULL, 15, 1, 0, 1, 0, NULL, NULL, 0, 0, '2026-01-25 00:19:19', '2026-01-25 00:20:14', '2026-01-25 00:20:14', 0, 0, 0),
('80af9a15-c176-4e00-84d4-7b866e0c5767', '77be2b77-524f-48df-b16f-84266cba17e7', NULL, 'teste', NULL, 5, NULL, NULL, 15, 1, 0, 1, 0, NULL, NULL, 0, 0, '2026-01-25 00:20:17', '2026-01-25 00:20:17', NULL, 0, 0, 0),
('4f9f8971-b6cc-4b99-81ca-70c085d0d05f', '8f99aef9-f9d7-46ce-9d39-8859e39638aa', '42e16c76-e9d5-4745-9a96-9a511977f41a', 'hamburguer', NULL, 5, NULL, NULL, 15, 1, 0, 1, 1, 50, NULL, 0, 0, '2026-01-25 12:47:13', '2026-01-27 11:52:37', NULL, 0, 0, 0);

-- Tabela: complement_groups
DELETE FROM `complement_groups`;
INSERT INTO `complement_groups` (`id`, `tenant_id`, `name`, `min_selections`, `max_selections`, `is_required`, `sort_order`, `created_at`, `updated_at`) VALUES 
('baf9f77a-b6b2-4fe8-ab14-c0d101e298cd', '259feb9b-5f9a-43d3-a4c5-81aed1fe9140', 'teste', 0, 1, 0, 0, '2026-01-24 01:27:31', '2026-01-24 01:27:31'),
('197891ce-d702-4ec8-84ff-ed296efed5ad', '8f99aef9-f9d7-46ce-9d39-8859e39638aa', 'testeee', 0, 1, 0, 0, '2026-01-25 14:25:57', '2026-01-25 14:25:57');

-- Tabela: product_complement_groups
DELETE FROM `product_complement_groups`;
INSERT INTO `product_complement_groups` (`product_id`, `group_id`) VALUES 
('8148d23b-2bba-4840-bb37-5a67a16156d2', 'baf9f77a-b6b2-4fe8-ab14-c0d101e298cd'),
('4f9f8971-b6cc-4b99-81ca-70c085d0d05f', '197891ce-d702-4ec8-84ff-ed296efed5ad');

-- Tabela: coupons
DELETE FROM `coupons`;
-- Tabela: tables
DELETE FROM `tables`;
INSERT INTO `tables` (`id`, `tenant_id`, `number`, `capacity`, `status`, `current_order_id`, `occupied_at`, `created_at`, `updated_at`) VALUES 
('ebdb3752-12a9-4138-ace5-aa3919598eed', '259feb9b-5f9a-43d3-a4c5-81aed1fe9140', 1, 4, 'free', NULL, NULL, '2026-01-22 22:44:42', '2026-01-22 22:44:42');

-- Tabela: orders
DELETE FROM `orders`;
INSERT INTO `orders` (`id`, `tenant_id`, `order_number`, `mode`, `status`, `customer_id`, `address_id`, `table_id`, `motoboy_id`, `coupon_id`, `created_by`, `subtotal`, `discount`, `delivery_fee`, `service_fee`, `tip`, `total`, `payment_status`, `change_for`, `notes`, `customer_name`, `customer_phone`, `delivery_address`, `estimated_time_minutes`, `loyalty_points_earned`, `loyalty_points_used`, `confirmed_at`, `ready_at`, `delivered_at`, `cancelled_at`, `cancellation_reason`, `created_at`, `updated_at`, `deleted_at`, `preparation_started_at`, `estimated_ready_at`, `preparation_time_minutes`) VALUES 
('7e4cb6d2-4376-445e-bd38-444c19ff3564', '259feb9b-5f9a-43d3-a4c5-81aed1fe9140', '#0001', 'pickup', 'ready', NULL, NULL, NULL, NULL, NULL, NULL, 204, 0, 0, 0, 0, 204, 'pending', NULL, NULL, 'Cliente Teste 0', '11999999999', 'Rua Exemplo, 123 - Centro', NULL, 0, 0, NULL, NULL, NULL, NULL, NULL, '2026-01-22 03:31:18', '2026-01-22 03:32:58', NULL, NULL, NULL, 30),
('91dce465-0470-4a12-87fe-57051700aa6f', '259feb9b-5f9a-43d3-a4c5-81aed1fe9140', '#0002', 'pickup', 'motoboy_accepted', NULL, NULL, NULL, NULL, NULL, NULL, 135, 0, 0, 0, 0, 135, 'pending', NULL, NULL, 'Cliente Teste 1', '11999999999', 'Rua Exemplo, 123 - Centro', NULL, 0, 0, NULL, NULL, NULL, NULL, NULL, '2026-01-22 03:31:18', '2026-01-22 03:31:18', NULL, NULL, NULL, 30),
('da83ac38-2ee0-4846-8ded-32c1ee0a69ea', '259feb9b-5f9a-43d3-a4c5-81aed1fe9140', '#0003', 'table', 'preparing', NULL, NULL, NULL, NULL, NULL, NULL, 12, 0, 0, 0, 0, 12, 'paid', NULL, NULL, 'Cliente Teste 2', '11999999999', 'Rua Exemplo, 123 - Centro', NULL, 0, 0, NULL, NULL, NULL, NULL, NULL, '2026-01-22 03:31:18', '2026-01-24 01:58:48', NULL, NULL, NULL, 30),
('46682a7c-b263-4b7a-8152-c108469dba28', '259feb9b-5f9a-43d3-a4c5-81aed1fe9140', '#0004', 'pickup', 'waiting_motoboy', NULL, NULL, NULL, NULL, NULL, NULL, 45, 0, 0, 0, 0, 45, 'pending', NULL, NULL, 'Cliente Teste 3', '11999999999', 'Rua Exemplo, 123 - Centro', NULL, 0, 0, NULL, NULL, NULL, NULL, NULL, '2026-01-22 03:31:18', '2026-01-22 03:31:18', NULL, NULL, NULL, 30),
('70dc4461-eaa8-40b6-b6ac-6d8c8e665aff', '259feb9b-5f9a-43d3-a4c5-81aed1fe9140', '#0005', 'pickup', 'out_for_delivery', NULL, NULL, NULL, NULL, NULL, NULL, 81, 0, 0, 0, 0, 81, 'pending', NULL, NULL, 'Cliente Teste 4', '11999999999', 'Rua Exemplo, 123 - Centro', NULL, 0, 0, NULL, NULL, NULL, NULL, NULL, '2026-01-22 03:31:18', '2026-01-22 03:31:18', NULL, NULL, NULL, 30),
('5929743f-6b11-4981-9694-f207ac4ce792', '259feb9b-5f9a-43d3-a4c5-81aed1fe9140', '#0006', 'delivery', 'preparing', NULL, NULL, NULL, NULL, NULL, NULL, 48, 0, 0, 0, 0, 48, 'pending', NULL, NULL, 'Cliente Teste 5', '11999999999', 'Rua Exemplo, 123 - Centro', NULL, 0, 0, NULL, NULL, NULL, NULL, NULL, '2026-01-22 03:31:18', '2026-01-22 04:00:18', NULL, NULL, NULL, 30),
('cc66b8e3-ae51-4455-93d9-d61d5dd1371e', '259feb9b-5f9a-43d3-a4c5-81aed1fe9140', '#0007', 'pickup', 'out_for_delivery', NULL, NULL, NULL, NULL, NULL, NULL, 147, 0, 0, 0, 0, 147, 'pending', NULL, NULL, 'Cliente Teste 6', '11999999999', 'Rua Exemplo, 123 - Centro', NULL, 0, 0, NULL, NULL, NULL, NULL, NULL, '2026-01-22 03:31:18', '2026-01-22 03:31:18', NULL, NULL, NULL, 30),
('a1c2d78f-6499-4850-8f93-c66c1584630c', '259feb9b-5f9a-43d3-a4c5-81aed1fe9140', '#0008', 'delivery', 'new', NULL, NULL, NULL, NULL, NULL, NULL, 81, 0, 0, 0, 0, 126, 'pending', NULL, NULL, 'Cliente Teste 7', '11999999999', 'Rua Exemplo, 123 - Centro', NULL, 0, 0, NULL, NULL, NULL, NULL, NULL, '2026-01-22 03:31:18', '2026-01-24 02:16:19', NULL, NULL, NULL, 30),
('39bba432-60b1-41fd-b49d-db9e605af1fc', '259feb9b-5f9a-43d3-a4c5-81aed1fe9140', '#0009', 'pickup', 'preparing', NULL, NULL, NULL, NULL, NULL, NULL, 69, 0, 0, 0, 0, 69, 'pending', NULL, NULL, 'Cliente Teste 8', '11999999999', 'Rua Exemplo, 123 - Centro', NULL, 0, 0, NULL, NULL, NULL, NULL, NULL, '2026-01-22 03:31:18', '2026-01-22 03:31:18', NULL, NULL, NULL, 30),
('52337ef0-6eb3-42f5-820e-2a92281fc8e6', '259feb9b-5f9a-43d3-a4c5-81aed1fe9140', '#0010', 'delivery', 'waiting_motoboy', NULL, NULL, NULL, NULL, NULL, NULL, 270, 0, 0, 0, 0, 270, 'pending', NULL, NULL, 'Cliente Teste 9', '11999999999', 'Rua Exemplo, 123 - Centro', NULL, 0, 0, NULL, NULL, NULL, NULL, NULL, '2026-01-22 03:31:18', '2026-01-24 02:01:05', NULL, NULL, NULL, 30),
('c26ee9b3-2860-4adb-a2f3-2cc7e0cf2ae2', '8f99aef9-f9d7-46ce-9d39-8859e39638aa', '#0001', 'pickup', 'delivered', NULL, NULL, NULL, NULL, NULL, NULL, 30, 0, 0, 0, 0, 30, 'paid', NULL, NULL, 'Cliente Balcão', NULL, NULL, NULL, 0, 0, NULL, NULL, NULL, NULL, NULL, '2026-01-25 12:47:43', '2026-01-25 12:48:47', NULL, NULL, NULL, 30),
('3b7142aa-9689-42f0-a336-8e731cb4d1f3', '8f99aef9-f9d7-46ce-9d39-8859e39638aa', '#0002', 'pickup', 'cancelled', NULL, NULL, NULL, NULL, NULL, NULL, 5, 0, 0, 0, 0, 5, 'paid', NULL, NULL, 'Cliente Balcão', NULL, NULL, NULL, 0, 0, NULL, NULL, NULL, '2026-01-26 03:37:27', 'teste', '2026-01-25 12:48:27', '2026-01-26 03:37:27', NULL, NULL, NULL, 30),
('2718b98d-e315-45bb-9075-b0af831e8382', '8f99aef9-f9d7-46ce-9d39-8859e39638aa', '#0003', 'pickup', 'cancelled', NULL, NULL, NULL, NULL, NULL, NULL, 15, 0, 0, 0, 0, 15, 'paid', NULL, NULL, 'Cliente Balcão', NULL, NULL, NULL, 0, 0, NULL, NULL, NULL, '2026-01-26 03:37:26', 'teste', '2026-01-25 12:48:31', '2026-01-26 03:37:26', NULL, NULL, NULL, 30),
('c722411a-6d15-4133-a705-6dd41fc39eb1', '8f99aef9-f9d7-46ce-9d39-8859e39638aa', '#0004', 'pickup', 'cancelled', NULL, NULL, NULL, NULL, NULL, NULL, 5, 0, 0, 0, 0, 5, 'paid', NULL, NULL, 'Cliente Balcão', NULL, NULL, NULL, 0, 0, NULL, NULL, NULL, '2026-01-26 03:37:25', 'teste', '2026-01-25 12:48:34', '2026-01-26 03:37:25', NULL, NULL, NULL, 30),
('c96d75ee-7ab6-4b85-8844-bfce576a79d4', '8f99aef9-f9d7-46ce-9d39-8859e39638aa', '#0005', 'pickup', 'cancelled', NULL, NULL, NULL, NULL, NULL, NULL, 20, 0, 0, 0, 0, 20, 'paid', NULL, NULL, 'Cliente Balcão', NULL, NULL, NULL, 0, 0, NULL, NULL, NULL, '2026-01-26 03:37:24', 'teste', '2026-01-25 12:48:37', '2026-01-26 03:37:24', NULL, NULL, NULL, 30),
('4d310625-f59e-4938-b3fe-fe7711012df4', '8f99aef9-f9d7-46ce-9d39-8859e39638aa', '#0006', 'pickup', 'cancelled', NULL, NULL, NULL, NULL, NULL, NULL, 10, 0, 0, 0, 0, 10, 'paid', NULL, NULL, 'Cliente Balcão', NULL, NULL, NULL, 0, 0, NULL, NULL, NULL, '2026-01-26 03:37:22', 'teste', '2026-01-25 12:48:54', '2026-01-26 03:37:22', NULL, NULL, NULL, 30),
('9185131e-c7bd-4ca5-b3eb-5a6fd7a24b9a', '8f99aef9-f9d7-46ce-9d39-8859e39638aa', '#0007', 'pickup', 'cancelled', NULL, NULL, NULL, NULL, NULL, NULL, 35, 0, 0, 0, 0, 35, 'paid', NULL, NULL, 'Cliente Balcão', NULL, NULL, NULL, 0, 0, NULL, NULL, NULL, '2026-01-26 03:37:21', 'teste', '2026-01-25 12:49:02', '2026-01-26 03:37:21', NULL, NULL, NULL, 30),
('563b5810-4d3c-44ca-ab79-4b5696993b9e', '8f99aef9-f9d7-46ce-9d39-8859e39638aa', '#0008', 'delivery', 'cancelled', NULL, NULL, NULL, NULL, NULL, NULL, 5, 0, 0, 0, 0, 5, 'paid', NULL, NULL, 'Cliente Balcão', NULL, NULL, NULL, 0, 0, NULL, NULL, NULL, '2026-01-26 03:37:19', 'teste', '2026-01-25 13:40:34', '2026-01-26 03:37:19', NULL, NULL, NULL, 30),
('e89d0820-68a7-471a-aa6e-c2f45e14b15a', '8f99aef9-f9d7-46ce-9d39-8859e39638aa', '#0009', 'pickup', 'cancelled', NULL, NULL, NULL, NULL, NULL, NULL, 5, 0, 0, 0, 0, 5, 'paid', NULL, NULL, 'Cliente Balcão', NULL, NULL, NULL, 0, 0, NULL, NULL, NULL, '2026-01-25 20:13:41', 'teste', '2026-01-25 14:37:01', '2026-01-25 20:13:41', NULL, NULL, NULL, 30),
('f9eff7b3-eaae-47ed-afc7-14e8284ede10', '8f99aef9-f9d7-46ce-9d39-8859e39638aa', '#0010', 'pickup', 'cancelled', NULL, NULL, NULL, NULL, NULL, NULL, 5, 0, 0, 0, 0, 5, 'paid', NULL, NULL, 'Cliente Balcão', NULL, NULL, NULL, 0, 0, NULL, NULL, NULL, '2026-01-25 19:59:14', 'teste', '2026-01-25 19:58:49', '2026-01-25 19:59:14', NULL, NULL, NULL, 30),
('907abe81-5a8c-442b-a4c9-b25c91c8efc0', '8f99aef9-f9d7-46ce-9d39-8859e39638aa', '#0011', 'pickup', 'cancelled', NULL, NULL, NULL, NULL, NULL, NULL, 5, 0, 0, 0, 0, 5, 'paid', NULL, NULL, 'Cliente Balcão', NULL, NULL, NULL, 0, 0, NULL, NULL, NULL, '2026-01-26 03:37:18', 'teste', '2026-01-25 20:04:04', '2026-01-26 03:37:18', NULL, NULL, NULL, 30),
('d7594bdc-d37f-4c40-b870-41d69b4fff74', '8f99aef9-f9d7-46ce-9d39-8859e39638aa', '#0012', 'pickup', 'cancelled', NULL, NULL, NULL, NULL, NULL, NULL, 5, 0, 0, 0, 0, 5, 'paid', NULL, NULL, 'Cliente Balcão', NULL, NULL, NULL, 0, 0, NULL, NULL, NULL, '2026-01-25 20:05:49', 'teste', '2026-01-25 20:04:11', '2026-01-25 20:05:49', NULL, NULL, NULL, 30),
('83ea0c69-f92e-4543-950d-393f652b08a5', '8f99aef9-f9d7-46ce-9d39-8859e39638aa', '#0013', 'pickup', 'cancelled', NULL, NULL, NULL, NULL, NULL, NULL, 5, 0, 0, 0, 0, 5, 'paid', NULL, NULL, 'Cliente Balcão', NULL, NULL, NULL, 0, 0, NULL, NULL, NULL, '2026-01-26 03:37:16', 'teste', '2026-01-25 20:05:58', '2026-01-26 03:37:16', NULL, NULL, NULL, 30),
('505e945a-29bd-4a14-b01b-648c0311b182', '8f99aef9-f9d7-46ce-9d39-8859e39638aa', '#0014', 'pickup', 'cancelled', NULL, NULL, NULL, NULL, NULL, NULL, 5, 0, 0, 0, 0, 5, 'paid', NULL, NULL, 'Cliente Balcão', NULL, NULL, NULL, 0, 0, NULL, NULL, NULL, '2026-01-26 03:37:06', 'teste', '2026-01-25 20:15:00', '2026-01-26 03:37:06', NULL, NULL, NULL, 30),
('d4533751-a408-4cdd-88ee-bfa15c4213f8', '8f99aef9-f9d7-46ce-9d39-8859e39638aa', '#0015', 'pickup', 'cancelled', NULL, NULL, NULL, NULL, NULL, NULL, 5, 0, 0, 0, 0, 5, 'paid', NULL, NULL, 'Cliente Balcão', NULL, NULL, NULL, 0, 0, NULL, NULL, NULL, '2026-01-26 03:37:10', 'teste', '2026-01-25 20:15:16', '2026-01-26 03:37:10', NULL, NULL, NULL, 30),
('223d9e21-5693-45f8-b32d-0fb80e514e85', '8f99aef9-f9d7-46ce-9d39-8859e39638aa', '#0016', 'pickup', 'cancelled', NULL, NULL, NULL, NULL, NULL, NULL, 5, 0, 0, 0, 0, 5, 'paid', NULL, NULL, 'Cliente Balcão', NULL, NULL, NULL, 0, 0, NULL, NULL, NULL, '2026-01-26 03:37:08', 'teste', '2026-01-25 20:16:45', '2026-01-26 03:37:08', NULL, NULL, NULL, 30),
('465af374-5237-45b4-a528-8f3f0b88f111', '8f99aef9-f9d7-46ce-9d39-8859e39638aa', '#0017', 'pickup', 'cancelled', NULL, NULL, NULL, NULL, NULL, NULL, 5, 0, 0, 0, 0, 5, 'paid', NULL, NULL, 'Cliente Balcão', NULL, NULL, NULL, 0, 0, NULL, NULL, NULL, '2026-01-26 03:37:12', 'teste', '2026-01-25 20:16:52', '2026-01-26 03:37:12', NULL, NULL, NULL, 30),
('043abf8d-4713-4336-bbc5-894d209e0232', '8f99aef9-f9d7-46ce-9d39-8859e39638aa', '#0018', 'pickup', 'cancelled', NULL, NULL, NULL, NULL, NULL, NULL, 5, 0, 0, 0, 0, 5, 'paid', NULL, NULL, 'Cliente Balcão', NULL, NULL, NULL, 0, 0, NULL, NULL, NULL, '2026-01-26 03:37:01', 'teste', '2026-01-25 20:18:52', '2026-01-26 03:37:01', NULL, NULL, NULL, 30),
('7bc25090-7d95-4f14-9815-083441e61b22', '8f99aef9-f9d7-46ce-9d39-8859e39638aa', '#0019', 'pickup', 'cancelled', NULL, NULL, NULL, NULL, NULL, NULL, 5, 0, 0, 0, 0, 5, 'paid', NULL, NULL, 'Cliente Balcão', NULL, NULL, NULL, 0, 0, NULL, NULL, NULL, '2026-01-26 03:37:02', 'teste', '2026-01-25 20:21:15', '2026-01-26 03:37:02', NULL, NULL, NULL, 30),
('1924e9e4-d4a4-48ea-a067-1df644414a84', '8f99aef9-f9d7-46ce-9d39-8859e39638aa', '#0020', 'pickup', 'cancelled', NULL, NULL, NULL, NULL, NULL, NULL, 5, 0, 0, 0, 0, 5, 'paid', NULL, NULL, 'Cliente Balcão', NULL, NULL, NULL, 0, 0, NULL, NULL, NULL, '2026-01-26 03:36:59', 'teste', '2026-01-25 20:23:16', '2026-01-26 03:36:59', NULL, NULL, NULL, 30),
('aa279dc8-6b74-4d4f-a323-f8d0d88db98b', '8f99aef9-f9d7-46ce-9d39-8859e39638aa', '#0021', 'pickup', 'cancelled', NULL, NULL, NULL, NULL, NULL, NULL, 5, 0, 0, 0, 0, 5, 'paid', NULL, NULL, 'Cliente Balcão', NULL, NULL, NULL, 0, 0, NULL, NULL, NULL, '2026-01-26 03:36:57', 'teste', '2026-01-25 20:25:57', '2026-01-26 03:36:57', NULL, NULL, NULL, 30),
('a3ab9050-828b-460d-9456-46a90982a8c9', '8f99aef9-f9d7-46ce-9d39-8859e39638aa', '#0022', 'pickup', 'cancelled', NULL, NULL, NULL, NULL, NULL, NULL, 5, 0, 0, 0, 0, 5, 'paid', NULL, NULL, 'Cliente Balcão', NULL, NULL, NULL, 0, 0, NULL, NULL, NULL, '2026-01-26 03:36:56', 'teste', '2026-01-25 20:28:08', '2026-01-26 03:36:56', NULL, NULL, NULL, 30),
('d14b4a2d-6ccb-4fc5-bd01-64f1ce67a59b', '8f99aef9-f9d7-46ce-9d39-8859e39638aa', '#0023', 'pickup', 'cancelled', NULL, NULL, NULL, NULL, NULL, NULL, 5, 0, 0, 0, 0, 5, 'paid', NULL, NULL, 'Cliente Balcão', NULL, NULL, NULL, 0, 0, NULL, NULL, NULL, '2026-01-26 03:36:54', 'teste', '2026-01-25 20:29:55', '2026-01-26 03:36:54', NULL, NULL, NULL, 30),
('6b8cbb7c-e7a4-4e6a-8766-0c576930373f', '8f99aef9-f9d7-46ce-9d39-8859e39638aa', '#0024', 'pickup', 'cancelled', NULL, NULL, NULL, NULL, NULL, NULL, 5, 0, 0, 0, 0, 5, 'paid', NULL, NULL, 'Cliente Balcão', NULL, NULL, NULL, 0, 0, NULL, NULL, NULL, '2026-01-26 03:36:53', 'teste', '2026-01-25 20:34:39', '2026-01-26 03:36:53', NULL, NULL, NULL, 30),
('24c6f081-1ace-4187-a017-937cb719d469', '8f99aef9-f9d7-46ce-9d39-8859e39638aa', '#0025', 'pickup', 'cancelled', NULL, NULL, NULL, NULL, NULL, NULL, 5, 0, 0, 0, 0, 5, 'paid', NULL, NULL, 'Cliente Balcão', NULL, NULL, NULL, 0, 0, NULL, NULL, NULL, '2026-01-26 03:36:51', 'teste', '2026-01-25 20:36:31', '2026-01-26 03:36:51', NULL, NULL, NULL, 30),
('899d3750-9687-4b93-93a2-d61274427918', '8f99aef9-f9d7-46ce-9d39-8859e39638aa', '#0026', 'pickup', 'cancelled', NULL, NULL, NULL, NULL, NULL, NULL, 5, 0, 0, 0, 0, 5, 'paid', NULL, NULL, 'Cliente Balcão', NULL, NULL, NULL, 0, 0, NULL, NULL, NULL, '2026-01-26 03:36:49', 'teste', '2026-01-25 20:40:04', '2026-01-26 03:36:49', NULL, NULL, NULL, 30),
('8a11fbf9-b5cd-467f-969f-607a81ff85c6', '8f99aef9-f9d7-46ce-9d39-8859e39638aa', '#0027', 'pickup', 'cancelled', NULL, NULL, NULL, NULL, NULL, NULL, 5, 0, 0, 0, 0, 5, 'paid', NULL, NULL, 'Cliente Balcão', NULL, NULL, NULL, 0, 0, NULL, NULL, NULL, '2026-01-26 03:37:14', 'teste', '2026-01-25 20:42:44', '2026-01-26 03:37:14', NULL, '2026-01-25 20:44:33', '2026-01-25 21:14:33', 30),
('28d403f3-d886-4f4a-89a7-142d53eba846', '8f99aef9-f9d7-46ce-9d39-8859e39638aa', 1, 'pickup', 'cancelled', '16f93bd5-406a-48ce-a7d8-ca08ebd2aa97', NULL, NULL, NULL, NULL, NULL, 5, 0, 0, 0, 0, 5, 'pending', NULL, NULL, 'vertinho', '81998528017', NULL, NULL, 0, 0, NULL, NULL, NULL, '2026-01-26 03:36:47', 'teste', '2026-01-25 20:50:16', '2026-01-26 03:36:47', NULL, NULL, NULL, 30),
('4fc2b78c-0bd5-470d-8ded-481ddbee4147', '8f99aef9-f9d7-46ce-9d39-8859e39638aa', '#0028', 'pickup', 'preparing', NULL, NULL, NULL, NULL, NULL, NULL, 5, 0, 0, 0, 0, 5, 'paid', NULL, NULL, 'Cliente Balcão', NULL, NULL, NULL, 0, 0, NULL, NULL, NULL, NULL, NULL, '2026-01-27 11:52:57', '2026-01-27 11:57:41', NULL, NULL, NULL, 30),
('522fda15-ee41-4ccc-a609-02fc60727d1e', '8f99aef9-f9d7-46ce-9d39-8859e39638aa', '#0029', 'pickup', 'new', NULL, NULL, NULL, NULL, NULL, NULL, 5, 0, 0, 0, 0, 5, 'paid', NULL, NULL, 'Cliente Balcão', NULL, NULL, NULL, 0, 0, NULL, NULL, NULL, NULL, NULL, '2026-01-27 11:54:13', '2026-01-27 11:54:13', NULL, NULL, NULL, 30);

-- Tabela: order_items
DELETE FROM `order_items`;
INSERT INTO `order_items` (`id`, `order_id`, `product_id`, `product_name`, `quantity`, `unit_price`, `complements_price`, `subtotal`, `notes`, `created_at`, `updated_at`, `is_loyalty_redemption`) VALUES 
('93cae336-d37c-451a-9e37-67bc8e9d4e78', '7e4cb6d2-4376-445e-bd38-444c19ff3564', '8148d23b-2bba-4840-bb37-5a67a16156d2', 'Pizza Calabresa', 2, 45, 0, 90, NULL, '2026-01-22 03:31:18', '2026-01-22 03:31:18', 0),
('93df14f8-e8b3-43c0-bac0-84e0976a03cc', '7e4cb6d2-4376-445e-bd38-444c19ff3564', '306a57be-58c7-4b75-86c0-183c8caae16d', 'Coca-Cola 2L', 2, 12, 0, 24, NULL, '2026-01-22 03:31:18', '2026-01-22 03:31:18', 0),
('7bd853ca-60aa-4933-bcd6-a92da84f80ca', '7e4cb6d2-4376-445e-bd38-444c19ff3564', '8148d23b-2bba-4840-bb37-5a67a16156d2', 'Pizza Calabresa', 2, 45, 0, 90, NULL, '2026-01-22 03:31:18', '2026-01-22 03:31:18', 0),
('061e2231-7e13-4671-8ebc-e9b2803da353', '91dce465-0470-4a12-87fe-57051700aa6f', '8148d23b-2bba-4840-bb37-5a67a16156d2', 'Pizza Calabresa', 1, 45, 0, 45, NULL, '2026-01-22 03:31:18', '2026-01-22 03:31:18', 0),
('f02f3744-a489-4872-ab91-7db5ee2f98b4', '91dce465-0470-4a12-87fe-57051700aa6f', '8148d23b-2bba-4840-bb37-5a67a16156d2', 'Pizza Calabresa', 2, 45, 0, 90, NULL, '2026-01-22 03:31:18', '2026-01-22 03:31:18', 0),
('1470a950-5e1f-45a5-b5b4-6f7714874192', 'da83ac38-2ee0-4846-8ded-32c1ee0a69ea', '306a57be-58c7-4b75-86c0-183c8caae16d', 'Coca-Cola 2L', 1, 12, 0, 12, NULL, '2026-01-22 03:31:18', '2026-01-22 03:31:18', 0),
('0872e869-59b7-40e9-ba91-a9045b1a29a6', '46682a7c-b263-4b7a-8152-c108469dba28', '8148d23b-2bba-4840-bb37-5a67a16156d2', 'Pizza Calabresa', 1, 45, 0, 45, NULL, '2026-01-22 03:31:18', '2026-01-22 03:31:18', 0),
('04c1b7f2-1ebd-49c8-a8cd-c76479505593', '70dc4461-eaa8-40b6-b6ac-6d8c8e665aff', '306a57be-58c7-4b75-86c0-183c8caae16d', 'Coca-Cola 2L', 2, 12, 0, 24, NULL, '2026-01-22 03:31:18', '2026-01-22 03:31:18', 0),
('baf755e1-3a74-4a88-a8a3-d12066137812', '70dc4461-eaa8-40b6-b6ac-6d8c8e665aff', '306a57be-58c7-4b75-86c0-183c8caae16d', 'Coca-Cola 2L', 1, 12, 0, 12, NULL, '2026-01-22 03:31:18', '2026-01-22 03:31:18', 0),
('4d5d3f6e-34fb-4268-b0a2-218b2628d6d6', '70dc4461-eaa8-40b6-b6ac-6d8c8e665aff', '8148d23b-2bba-4840-bb37-5a67a16156d2', 'Pizza Calabresa', 1, 45, 0, 45, NULL, '2026-01-22 03:31:18', '2026-01-22 03:31:18', 0),
('53e1cb09-aa18-4861-97db-a7c5391e08f8', '5929743f-6b11-4981-9694-f207ac4ce792', '306a57be-58c7-4b75-86c0-183c8caae16d', 'Coca-Cola 2L', 2, 12, 0, 24, NULL, '2026-01-22 03:31:18', '2026-01-22 03:31:18', 0),
('76a17d98-ec20-4287-8ba5-c6f7fed8324a', '5929743f-6b11-4981-9694-f207ac4ce792', '306a57be-58c7-4b75-86c0-183c8caae16d', 'Coca-Cola 2L', 2, 12, 0, 24, NULL, '2026-01-22 03:31:18', '2026-01-22 03:31:18', 0),
('9fc716e1-d041-44d8-b438-cfacaba91441', 'cc66b8e3-ae51-4455-93d9-d61d5dd1371e', '306a57be-58c7-4b75-86c0-183c8caae16d', 'Coca-Cola 2L', 1, 12, 0, 12, NULL, '2026-01-22 03:31:18', '2026-01-22 03:31:18', 0),
('34bd9264-9186-4599-960f-6ab3380b8e06', 'cc66b8e3-ae51-4455-93d9-d61d5dd1371e', '8148d23b-2bba-4840-bb37-5a67a16156d2', 'Pizza Calabresa', 1, 45, 0, 45, NULL, '2026-01-22 03:31:18', '2026-01-22 03:31:18', 0),
('09a6b4fb-95a8-4597-9a98-fa46eeb7158f', 'cc66b8e3-ae51-4455-93d9-d61d5dd1371e', '8148d23b-2bba-4840-bb37-5a67a16156d2', 'Pizza Calabresa', 2, 45, 0, 90, NULL, '2026-01-22 03:31:18', '2026-01-22 03:31:18', 0),
('1d0b9d0d-b4ed-4e4f-ad7f-5877b3bd30e2', 'a1c2d78f-6499-4850-8f93-c66c1584630c', '8148d23b-2bba-4840-bb37-5a67a16156d2', 'Pizza Calabresa', 1, 45, 0, 45, NULL, '2026-01-22 03:31:18', '2026-01-22 03:31:18', 0),
('74ae7941-6b59-4263-96c6-699f1000301b', 'a1c2d78f-6499-4850-8f93-c66c1584630c', '306a57be-58c7-4b75-86c0-183c8caae16d', 'Coca-Cola 2L', 1, 12, 0, 12, NULL, '2026-01-22 03:31:18', '2026-01-22 03:31:18', 0),
('7995bb0d-e2b3-4756-aa01-b613e9993063', 'a1c2d78f-6499-4850-8f93-c66c1584630c', '306a57be-58c7-4b75-86c0-183c8caae16d', 'Coca-Cola 2L', 2, 12, 0, 24, NULL, '2026-01-22 03:31:18', '2026-01-22 03:31:18', 0),
('1c68de30-03e8-4267-a71e-aedc5f5bb9aa', '39bba432-60b1-41fd-b49d-db9e605af1fc', '8148d23b-2bba-4840-bb37-5a67a16156d2', 'Pizza Calabresa', 1, 45, 0, 45, NULL, '2026-01-22 03:31:18', '2026-01-22 03:31:18', 0),
('bdaa7567-9a03-4bd1-8a33-2c95ae0f1a18', '39bba432-60b1-41fd-b49d-db9e605af1fc', '306a57be-58c7-4b75-86c0-183c8caae16d', 'Coca-Cola 2L', 2, 12, 0, 24, NULL, '2026-01-22 03:31:18', '2026-01-22 03:31:18', 0),
('05526f37-d909-4de1-be70-d5e2e6a50da3', '52337ef0-6eb3-42f5-820e-2a92281fc8e6', '8148d23b-2bba-4840-bb37-5a67a16156d2', 'Pizza Calabresa', 2, 45, 0, 90, NULL, '2026-01-22 03:31:18', '2026-01-22 03:31:18', 0),
('c6651435-4e9e-4fec-853f-bff89deb6147', '52337ef0-6eb3-42f5-820e-2a92281fc8e6', '8148d23b-2bba-4840-bb37-5a67a16156d2', 'Pizza Calabresa', 2, 45, 0, 90, NULL, '2026-01-22 03:31:18', '2026-01-22 03:31:18', 0),
('15e2af21-1833-4974-ae7f-056b0a6bf25f', '52337ef0-6eb3-42f5-820e-2a92281fc8e6', '8148d23b-2bba-4840-bb37-5a67a16156d2', 'Pizza Calabresa', 2, 45, 0, 90, NULL, '2026-01-22 03:31:18', '2026-01-22 03:31:18', 0),
('5de65a54-f7d3-456d-8562-9f2cba2a23fe', 'a1c2d78f-6499-4850-8f93-c66c1584630c', '8148d23b-2bba-4840-bb37-5a67a16156d2', 'Pizza Calabresa', 1, 45, 0, 45, NULL, '2026-01-24 02:16:19', '2026-01-24 02:16:19', 0),
('ed72eb93-82e3-4e7c-b05c-e89f135f313e', 'c26ee9b3-2860-4adb-a2f3-2cc7e0cf2ae2', '4f9f8971-b6cc-4b99-81ca-70c085d0d05f', 'hamburguer', 6, 5, 0, 30, NULL, '2026-01-25 12:47:43', '2026-01-25 12:47:43', 0),
('4c141173-2eab-4fb2-b826-0f6914f71e12', '3b7142aa-9689-42f0-a336-8e731cb4d1f3', '4f9f8971-b6cc-4b99-81ca-70c085d0d05f', 'hamburguer', 1, 5, 0, 5, NULL, '2026-01-25 12:48:27', '2026-01-25 12:48:27', 0),
('bc68ffad-bbaf-4eac-9502-aecbb9febdec', '2718b98d-e315-45bb-9075-b0af831e8382', '4f9f8971-b6cc-4b99-81ca-70c085d0d05f', 'hamburguer', 3, 5, 0, 15, NULL, '2026-01-25 12:48:31', '2026-01-25 12:48:31', 0),
('d655ee16-2436-4e15-bdd1-da9442fa89d8', 'c722411a-6d15-4133-a705-6dd41fc39eb1', '4f9f8971-b6cc-4b99-81ca-70c085d0d05f', 'hamburguer', 1, 5, 0, 5, NULL, '2026-01-25 12:48:34', '2026-01-25 12:48:34', 0),
('13bcac49-aa80-4f9c-8606-216a113d71ae', 'c96d75ee-7ab6-4b85-8844-bfce576a79d4', '4f9f8971-b6cc-4b99-81ca-70c085d0d05f', 'hamburguer', 4, 5, 0, 20, NULL, '2026-01-25 12:48:37', '2026-01-25 12:48:37', 0),
('b91b18ee-196a-4321-9221-b0d8d0795ebd', '4d310625-f59e-4938-b3fe-fe7711012df4', '4f9f8971-b6cc-4b99-81ca-70c085d0d05f', 'hamburguer', 2, 5, 0, 10, NULL, '2026-01-25 12:48:54', '2026-01-25 12:48:54', 0),
('6932a7e7-355b-4818-94cf-0aea01859280', '9185131e-c7bd-4ca5-b3eb-5a6fd7a24b9a', '4f9f8971-b6cc-4b99-81ca-70c085d0d05f', 'hamburguer', 7, 5, 0, 35, NULL, '2026-01-25 12:49:02', '2026-01-25 12:49:02', 0),
('d3347159-10e1-4176-97e4-aa55011b8261', '563b5810-4d3c-44ca-ab79-4b5696993b9e', '4f9f8971-b6cc-4b99-81ca-70c085d0d05f', 'hamburguer', 1, 5, 0, 5, NULL, '2026-01-25 13:40:34', '2026-01-25 13:40:34', 0),
('d6980020-70b5-4f6a-8638-70745c8d2101', 'e89d0820-68a7-471a-aa6e-c2f45e14b15a', '4f9f8971-b6cc-4b99-81ca-70c085d0d05f', 'hamburguer', 1, 5, 0, 5, NULL, '2026-01-25 14:37:01', '2026-01-25 14:37:01', 0),
('03f7321e-9018-4595-a81e-59c0f0e262d6', 'f9eff7b3-eaae-47ed-afc7-14e8284ede10', '4f9f8971-b6cc-4b99-81ca-70c085d0d05f', 'hamburguer', 1, 5, 0, 5, NULL, '2026-01-25 19:58:49', '2026-01-25 19:58:49', 0),
('3cbc4fd4-093f-47d2-9d5d-b2197167e57a', '907abe81-5a8c-442b-a4c9-b25c91c8efc0', '4f9f8971-b6cc-4b99-81ca-70c085d0d05f', 'hamburguer', 1, 5, 0, 5, NULL, '2026-01-25 20:04:04', '2026-01-25 20:04:04', 0),
('c77d5457-78a2-4675-8f13-e25fa35123ac', 'd7594bdc-d37f-4c40-b870-41d69b4fff74', '4f9f8971-b6cc-4b99-81ca-70c085d0d05f', 'hamburguer', 1, 5, 0, 5, NULL, '2026-01-25 20:04:11', '2026-01-25 20:04:11', 0),
('4c6599c8-f7a2-4ff8-91bb-75de1f19cfe1', '83ea0c69-f92e-4543-950d-393f652b08a5', '4f9f8971-b6cc-4b99-81ca-70c085d0d05f', 'hamburguer', 1, 5, 0, 5, NULL, '2026-01-25 20:05:58', '2026-01-25 20:05:58', 0),
('250dc927-3f24-4d7c-b1f5-7bba9e0e5963', '505e945a-29bd-4a14-b01b-648c0311b182', '4f9f8971-b6cc-4b99-81ca-70c085d0d05f', 'hamburguer', 1, 5, 0, 5, NULL, '2026-01-25 20:15:00', '2026-01-25 20:15:00', 0),
('9cd1716c-ecda-4afc-864d-aee57ec2f4b6', 'd4533751-a408-4cdd-88ee-bfa15c4213f8', '4f9f8971-b6cc-4b99-81ca-70c085d0d05f', 'hamburguer', 1, 5, 0, 5, NULL, '2026-01-25 20:15:16', '2026-01-25 20:15:16', 0),
('6c8bb858-0a86-4a8a-ba86-9bacfa227eac', '223d9e21-5693-45f8-b32d-0fb80e514e85', '4f9f8971-b6cc-4b99-81ca-70c085d0d05f', 'hamburguer', 1, 5, 0, 5, NULL, '2026-01-25 20:16:45', '2026-01-25 20:16:45', 0),
('45a302c4-b04a-418d-845e-6f24c3799c42', '465af374-5237-45b4-a528-8f3f0b88f111', '4f9f8971-b6cc-4b99-81ca-70c085d0d05f', 'hamburguer', 1, 5, 0, 5, NULL, '2026-01-25 20:16:52', '2026-01-25 20:16:52', 0),
('98663038-6f03-400c-81b1-cadf48f92202', '043abf8d-4713-4336-bbc5-894d209e0232', '4f9f8971-b6cc-4b99-81ca-70c085d0d05f', 'hamburguer', 1, 5, 0, 5, NULL, '2026-01-25 20:18:52', '2026-01-25 20:18:52', 0),
('5c82fc58-5609-4d24-9e81-86f635664eae', '7bc25090-7d95-4f14-9815-083441e61b22', '4f9f8971-b6cc-4b99-81ca-70c085d0d05f', 'hamburguer', 1, 5, 0, 5, NULL, '2026-01-25 20:21:15', '2026-01-25 20:21:15', 0),
('67d02c5d-7bda-4125-9d8b-20743d471b2d', '1924e9e4-d4a4-48ea-a067-1df644414a84', '4f9f8971-b6cc-4b99-81ca-70c085d0d05f', 'hamburguer', 1, 5, 0, 5, NULL, '2026-01-25 20:23:16', '2026-01-25 20:23:16', 0),
('00d35823-095f-4fac-bed8-357eb50cb438', 'aa279dc8-6b74-4d4f-a323-f8d0d88db98b', '4f9f8971-b6cc-4b99-81ca-70c085d0d05f', 'hamburguer', 1, 5, 0, 5, NULL, '2026-01-25 20:25:57', '2026-01-25 20:25:57', 0),
('aa6535a1-c69a-4ec0-a20e-c73f82706aee', 'a3ab9050-828b-460d-9456-46a90982a8c9', '4f9f8971-b6cc-4b99-81ca-70c085d0d05f', 'hamburguer', 1, 5, 0, 5, NULL, '2026-01-25 20:28:08', '2026-01-25 20:28:08', 0),
('03a12026-7393-4d0c-8a84-4f8ec991a1df', 'd14b4a2d-6ccb-4fc5-bd01-64f1ce67a59b', '4f9f8971-b6cc-4b99-81ca-70c085d0d05f', 'hamburguer', 1, 5, 0, 5, NULL, '2026-01-25 20:29:55', '2026-01-25 20:29:55', 0),
('e6cb76af-1011-4207-8be2-de85ed4357ca', '6b8cbb7c-e7a4-4e6a-8766-0c576930373f', '4f9f8971-b6cc-4b99-81ca-70c085d0d05f', 'hamburguer', 1, 5, 0, 5, NULL, '2026-01-25 20:34:39', '2026-01-25 20:34:39', 0),
('eb1215f4-9bbf-41c4-ae7a-01e598e7066e', '24c6f081-1ace-4187-a017-937cb719d469', '4f9f8971-b6cc-4b99-81ca-70c085d0d05f', 'hamburguer', 1, 5, 0, 5, NULL, '2026-01-25 20:36:31', '2026-01-25 20:36:31', 0),
('74390471-a330-440e-a4ab-cbcafb50c2e4', '899d3750-9687-4b93-93a2-d61274427918', '4f9f8971-b6cc-4b99-81ca-70c085d0d05f', 'hamburguer', 1, 5, 0, 5, NULL, '2026-01-25 20:40:04', '2026-01-25 20:40:04', 0),
('886cdbea-0386-4af6-adf2-810b6a594f1d', '8a11fbf9-b5cd-467f-969f-607a81ff85c6', '4f9f8971-b6cc-4b99-81ca-70c085d0d05f', 'hamburguer', 1, 5, 0, 5, NULL, '2026-01-25 20:42:44', '2026-01-25 20:42:44', 0),
('ce1814a9-c13f-4e4b-8931-0e778f004793', '28d403f3-d886-4f4a-89a7-142d53eba846', '4f9f8971-b6cc-4b99-81ca-70c085d0d05f', 'hamburguer', 1, 5, 0, 5, NULL, '2026-01-25 20:50:16', '2026-01-25 20:50:16', 0),
('bff118bf-24f9-4b1d-b621-417ecaf26d6a', '4fc2b78c-0bd5-470d-8ded-481ddbee4147', '4f9f8971-b6cc-4b99-81ca-70c085d0d05f', 'hamburguer', 1, 5, 0, 5, NULL, '2026-01-27 11:52:57', '2026-01-27 11:52:57', 0),
('df677896-e725-4fda-a663-84efd59ab13b', '522fda15-ee41-4ccc-a609-02fc60727d1e', '4f9f8971-b6cc-4b99-81ca-70c085d0d05f', 'hamburguer', 1, 5, 0, 5, NULL, '2026-01-27 11:54:13', '2026-01-27 11:54:13', 0);

-- Tabela: order_item_complements
DELETE FROM `order_item_complements`;
INSERT INTO `order_item_complements` (`id`, `order_item_id`, `complement_option_id`, `name`, `price`, `quantity`, `created_at`, `updated_at`) VALUES 
('d0266418-225d-4788-b160-68b2273fe246', '5de65a54-f7d3-456d-8562-9f2cba2a23fe', '05c8eb31-b15f-4eec-81bf-73503c2a93ff', 'hehe', 0, 1, '2026-01-24 02:16:19', '2026-01-24 02:16:19');

-- Tabela: payments
DELETE FROM `payments`;
INSERT INTO `payments` (`id`, `order_id`, `method`, `amount`, `change_amount`, `external_id`, `qr_code`, `qr_code_base64`, `paid_at`, `created_at`, `updated_at`) VALUES 
('1d43a040-042b-41c9-97e8-f2f5a2704a90', 'c26ee9b3-2860-4adb-a2f3-2cc7e0cf2ae2', 'pix', 30, NULL, NULL, NULL, NULL, '2026-01-25 12:47:43', '2026-01-25 12:47:43', '2026-01-25 12:47:43'),
('b3323e6c-cc59-474c-a1a8-2796fcccefd1', '3b7142aa-9689-42f0-a336-8e731cb4d1f3', 'cash', 5, NULL, NULL, NULL, NULL, '2026-01-25 12:48:27', '2026-01-25 12:48:27', '2026-01-25 12:48:27'),
('10e5ad47-fd88-4021-8d19-d03be7062819', '2718b98d-e315-45bb-9075-b0af831e8382', 'credit_card', 15, NULL, NULL, NULL, NULL, '2026-01-25 12:48:31', '2026-01-25 12:48:31', '2026-01-25 14:12:31'),
('fdb5daad-4a98-41a6-a14a-e7f718dac33f', 'c722411a-6d15-4133-a705-6dd41fc39eb1', 'cash', 5, NULL, NULL, NULL, NULL, '2026-01-25 12:48:34', '2026-01-25 12:48:34', '2026-01-25 12:48:34'),
('f01667ff-e0cc-4e43-9cfc-aad6c1019ccd', 'c96d75ee-7ab6-4b85-8844-bfce576a79d4', 'cash', 20, NULL, NULL, NULL, NULL, '2026-01-25 12:48:37', '2026-01-25 12:48:37', '2026-01-25 12:48:37'),
('d438f4e0-6e05-48dd-9a8a-3b21152e5a8f', '4d310625-f59e-4938-b3fe-fe7711012df4', 'cash', 10, NULL, NULL, NULL, NULL, '2026-01-25 12:48:54', '2026-01-25 12:48:54', '2026-01-25 12:48:54'),
('b8813014-07ee-429c-8b4f-5b59b52afc2a', '9185131e-c7bd-4ca5-b3eb-5a6fd7a24b9a', 'credit_card', 35, NULL, NULL, NULL, NULL, '2026-01-25 12:49:02', '2026-01-25 12:49:02', '2026-01-25 14:12:27'),
('528b8bf3-7230-4814-b0f9-1ecaea81358e', '563b5810-4d3c-44ca-ab79-4b5696993b9e', 'cash', 5, NULL, NULL, NULL, NULL, '2026-01-25 13:40:34', '2026-01-25 13:40:34', '2026-01-25 13:40:34'),
('7a7c8db9-7f88-4df4-aabd-e02ed76a4ab6', 'e89d0820-68a7-471a-aa6e-c2f45e14b15a', 'cash', 5, NULL, NULL, NULL, NULL, '2026-01-25 14:37:01', '2026-01-25 14:37:01', '2026-01-25 14:37:01'),
('2a592af5-9bc0-4825-b790-4d889741abde', 'f9eff7b3-eaae-47ed-afc7-14e8284ede10', 'cash', 5, NULL, NULL, NULL, NULL, '2026-01-25 19:58:49', '2026-01-25 19:58:49', '2026-01-25 19:58:49'),
('ac6ff56c-2fee-41f2-a8ea-3b59ecafa3b2', '907abe81-5a8c-442b-a4c9-b25c91c8efc0', 'cash', 5, NULL, NULL, NULL, NULL, '2026-01-25 20:04:04', '2026-01-25 20:04:04', '2026-01-25 20:04:04'),
('da546c9d-5302-4cfd-aafe-3ac408a4a0bc', 'd7594bdc-d37f-4c40-b870-41d69b4fff74', 'cash', 5, NULL, NULL, NULL, NULL, '2026-01-25 20:04:11', '2026-01-25 20:04:11', '2026-01-25 20:04:11'),
('e0772eb3-3cb5-4e8a-a281-db48e99ecad2', '83ea0c69-f92e-4543-950d-393f652b08a5', 'cash', 5, NULL, NULL, NULL, NULL, '2026-01-25 20:05:58', '2026-01-25 20:05:58', '2026-01-25 20:11:53'),
('7aa0f47f-0165-4a7d-ae10-e9f3f103f91b', '505e945a-29bd-4a14-b01b-648c0311b182', 'cash', 5, NULL, NULL, NULL, NULL, '2026-01-25 20:15:00', '2026-01-25 20:15:00', '2026-01-25 20:15:00'),
('8a9103cc-f272-4216-932f-178b9185f94c', 'd4533751-a408-4cdd-88ee-bfa15c4213f8', 'credit_card', 5, NULL, NULL, NULL, NULL, '2026-01-25 20:15:16', '2026-01-25 20:15:16', '2026-01-25 20:15:16'),
('8cfca053-8bc0-4862-a84d-6820312a0786', '223d9e21-5693-45f8-b32d-0fb80e514e85', 'cash', 5, NULL, NULL, NULL, NULL, '2026-01-25 20:16:45', '2026-01-25 20:16:45', '2026-01-25 20:16:45'),
('63f2f2c6-d303-42f9-bb3b-3db22d33a2b5', '465af374-5237-45b4-a528-8f3f0b88f111', 'credit_card', 5, NULL, NULL, NULL, NULL, '2026-01-25 20:16:52', '2026-01-25 20:16:52', '2026-01-25 20:18:23'),
('83280326-44c8-4832-9489-2a663b7358a8', '043abf8d-4713-4336-bbc5-894d209e0232', 'cash', 5, NULL, NULL, NULL, NULL, '2026-01-25 20:18:52', '2026-01-25 20:18:52', '2026-01-25 20:18:52'),
('5606d8a1-cb03-4d4f-aa37-f157cbd865f4', '7bc25090-7d95-4f14-9815-083441e61b22', 'cash', 5, NULL, NULL, NULL, NULL, '2026-01-25 20:21:15', '2026-01-25 20:21:15', '2026-01-25 20:21:15'),
('4e067de3-f1ae-4abb-af95-5fe200946a7a', '1924e9e4-d4a4-48ea-a067-1df644414a84', 'cash', 5, NULL, NULL, NULL, NULL, '2026-01-25 20:23:16', '2026-01-25 20:23:16', '2026-01-25 20:23:16'),
('16baf6ea-1c4c-44ec-9cb8-91edd9d147fa', 'aa279dc8-6b74-4d4f-a323-f8d0d88db98b', 'cash', 5, NULL, NULL, NULL, NULL, '2026-01-25 20:25:57', '2026-01-25 20:25:57', '2026-01-25 20:25:57'),
('267116bf-d404-4a4e-91f6-7ea849ac4d42', 'a3ab9050-828b-460d-9456-46a90982a8c9', 'cash', 5, NULL, NULL, NULL, NULL, '2026-01-25 20:28:08', '2026-01-25 20:28:08', '2026-01-25 20:28:08'),
('2d9ffd15-1e34-4129-a0dc-2ed6d2278398', 'd14b4a2d-6ccb-4fc5-bd01-64f1ce67a59b', 'cash', 5, NULL, NULL, NULL, NULL, '2026-01-25 20:29:55', '2026-01-25 20:29:55', '2026-01-25 20:29:55'),
('bb796a02-cb9e-403e-9b75-b04c7fed5363', '6b8cbb7c-e7a4-4e6a-8766-0c576930373f', 'cash', 5, NULL, NULL, NULL, NULL, '2026-01-25 20:34:39', '2026-01-25 20:34:39', '2026-01-25 20:34:39'),
('62a5e46f-05ed-4951-8c48-f6c1f22c84e8', '24c6f081-1ace-4187-a017-937cb719d469', 'cash', 5, NULL, NULL, NULL, NULL, '2026-01-25 20:36:31', '2026-01-25 20:36:31', '2026-01-25 20:36:31'),
('9fc47fdf-0cb5-4f57-8c27-3b22ae059f4b', '899d3750-9687-4b93-93a2-d61274427918', 'cash', 5, NULL, NULL, NULL, NULL, '2026-01-25 20:40:04', '2026-01-25 20:40:04', '2026-01-25 20:40:04'),
('29493609-0605-4199-a1a3-f6a6420d5952', '8a11fbf9-b5cd-467f-969f-607a81ff85c6', 'cash', 5, NULL, NULL, NULL, NULL, '2026-01-25 20:42:44', '2026-01-25 20:42:44', '2026-01-25 20:42:44'),
('a3011ec8-fe72-4a59-9fe5-2d214d5dce65', '28d403f3-d886-4f4a-89a7-142d53eba846', 'cash', 5, NULL, NULL, NULL, NULL, NULL, '2026-01-25 20:50:16', '2026-01-26 03:16:41'),
('d1fbef12-c778-45d6-9472-add2049d46a8', '4fc2b78c-0bd5-470d-8ded-481ddbee4147', 'cash', 5, NULL, NULL, NULL, NULL, '2026-01-27 11:52:57', '2026-01-27 11:52:57', '2026-01-27 11:52:57'),
('86b8d6f0-1892-49d5-82a2-26048f36228b', '522fda15-ee41-4ccc-a609-02fc60727d1e', 'cash', 5, NULL, NULL, NULL, NULL, '2026-01-27 11:54:13', '2026-01-27 11:54:13', '2026-01-27 11:54:13');

-- Tabela: coupon_usage
DELETE FROM `coupon_usage`;
-- Tabela: loyalty_points_history
DELETE FROM `loyalty_points_history`;
-- Tabela: loyalty_promotions
DELETE FROM `loyalty_promotions`;
-- Tabela: neighborhood_fees
DELETE FROM `neighborhood_fees`;
-- Tabela: cash_registers
DELETE FROM `cash_registers`;
-- Tabela: expenses
DELETE FROM `expenses`;
-- Tabela: employee_payments
DELETE FROM `employee_payments`;
-- Tabela: stock_movements
DELETE FROM `stock_movements`;
-- Tabela: media
DELETE FROM `media`;
-- Tabela: notifications
DELETE FROM `notifications`;
-- Tabela: push_subscriptions
DELETE FROM `push_subscriptions`;
-- Tabela: security_events
DELETE FROM `security_events`;
-- Tabela: audit_logs
DELETE FROM `audit_logs`;
INSERT INTO `audit_logs` (`id`, `tenant_id`, `user_id`, `action`, `model_type`, `model_id`, `old_values`, `new_values`, `created_at`, `updated_at`) VALUES 
('e9888ea1-efdb-4c16-8e6f-4d00227e3843', '8f99aef9-f9d7-46ce-9d39-8859e39638aa', '377a8d5a-b8b1-438d-9b04-e1a4bd341616', 'updated', 'App\\Models\\Product', '4f9f8971-b6cc-4b99-81ca-70c085d0d05f', '\"{\\\"category_id\\\":null,\\\"updated_at\\\":\\\"2026-01-25T12:47:13.000000Z\\\"}\"', '\"{\\\"category_id\\\":\\\"42e16c76-e9d5-4745-9a96-9a511977f41a\\\",\\\"updated_at\\\":\\\"2026-01-25 18:55:55\\\"}\"', '2026-01-25 18:55:55', '2026-01-25 18:55:55'),
('9c2c8929-e8e2-451d-90d3-7a7ca2291895', '8f99aef9-f9d7-46ce-9d39-8859e39638aa', '377a8d5a-b8b1-438d-9b04-e1a4bd341616', 'updated', 'App\\Models\\Product', '4f9f8971-b6cc-4b99-81ca-70c085d0d05f', '\"{\\\"is_featured\\\":false,\\\"updated_at\\\":\\\"2026-01-25T18:55:55.000000Z\\\"}\"', '\"{\\\"is_featured\\\":true,\\\"updated_at\\\":\\\"2026-01-25 18:55:58\\\"}\"', '2026-01-25 18:55:58', '2026-01-25 18:55:58'),
('d8145e35-426c-4ebf-88f1-86fb5820b960', '8f99aef9-f9d7-46ce-9d39-8859e39638aa', '377a8d5a-b8b1-438d-9b04-e1a4bd341616', 'updated', 'App\\Models\\Order', 'c722411a-6d15-4133-a705-6dd41fc39eb1', '\"{\\\"status\\\":\\\"preparing\\\",\\\"updated_at\\\":\\\"2026-01-25T12:48:45.000000Z\\\"}\"', '\"{\\\"status\\\":\\\"ready\\\",\\\"updated_at\\\":\\\"2026-01-25 19:38:44\\\"}\"', '2026-01-25 19:38:44', '2026-01-25 19:38:44'),
('43d755a7-9172-4f06-a79a-227698537bb3', '8f99aef9-f9d7-46ce-9d39-8859e39638aa', '377a8d5a-b8b1-438d-9b04-e1a4bd341616', 'updated', 'App\\Models\\Order', 'c96d75ee-7ab6-4b85-8844-bfce576a79d4', '\"{\\\"status\\\":\\\"preparing\\\",\\\"updated_at\\\":\\\"2026-01-25T12:48:51.000000Z\\\"}\"', '\"{\\\"status\\\":\\\"ready\\\",\\\"updated_at\\\":\\\"2026-01-25 19:39:33\\\"}\"', '2026-01-25 19:39:33', '2026-01-25 19:39:33'),
('ff4df9d6-f9cb-48b5-88ac-7a6dc9590a2e', '8f99aef9-f9d7-46ce-9d39-8859e39638aa', '377a8d5a-b8b1-438d-9b04-e1a4bd341616', 'updated', 'App\\Models\\Order', '563b5810-4d3c-44ca-ab79-4b5696993b9e', '\"{\\\"status\\\":\\\"preparing\\\",\\\"updated_at\\\":\\\"2026-01-25T13:40:43.000000Z\\\"}\"', '\"{\\\"status\\\":\\\"ready\\\",\\\"updated_at\\\":\\\"2026-01-25 19:40:28\\\"}\"', '2026-01-25 19:40:28', '2026-01-25 19:40:28'),
('d6f38f11-bb89-4b87-90c8-f6e0a098dde9', '8f99aef9-f9d7-46ce-9d39-8859e39638aa', '377a8d5a-b8b1-438d-9b04-e1a4bd341616', 'updated', 'App\\Models\\Order', '4d310625-f59e-4938-b3fe-fe7711012df4', '\"{\\\"status\\\":\\\"new\\\",\\\"updated_at\\\":\\\"2026-01-25T12:48:54.000000Z\\\"}\"', '\"{\\\"status\\\":\\\"preparing\\\",\\\"updated_at\\\":\\\"2026-01-25 19:40:31\\\"}\"', '2026-01-25 19:40:31', '2026-01-25 19:40:31'),
('4eb09bab-ae99-4c74-a2fd-870a56c068bf', '8f99aef9-f9d7-46ce-9d39-8859e39638aa', '377a8d5a-b8b1-438d-9b04-e1a4bd341616', 'updated', 'App\\Models\\Order', '9185131e-c7bd-4ca5-b3eb-5a6fd7a24b9a', '\"{\\\"status\\\":\\\"new\\\",\\\"updated_at\\\":\\\"2026-01-25T12:49:02.000000Z\\\"}\"', '\"{\\\"status\\\":\\\"preparing\\\",\\\"updated_at\\\":\\\"2026-01-25 19:40:34\\\"}\"', '2026-01-25 19:40:34', '2026-01-25 19:40:34'),
('2f4e3963-a315-4710-9cda-ed9c6f217709', '8f99aef9-f9d7-46ce-9d39-8859e39638aa', '377a8d5a-b8b1-438d-9b04-e1a4bd341616', 'updated', 'App\\Models\\Order', 'e89d0820-68a7-471a-aa6e-c2f45e14b15a', '\"{\\\"status\\\":\\\"new\\\",\\\"updated_at\\\":\\\"2026-01-25T14:37:01.000000Z\\\"}\"', '\"{\\\"status\\\":\\\"preparing\\\",\\\"updated_at\\\":\\\"2026-01-25 19:41:23\\\"}\"', '2026-01-25 19:41:23', '2026-01-25 19:41:23'),
('371a4e96-1df9-4205-bdc3-ab175aef7384', '8f99aef9-f9d7-46ce-9d39-8859e39638aa', '377a8d5a-b8b1-438d-9b04-e1a4bd341616', 'updated', 'App\\Models\\Order', '4d310625-f59e-4938-b3fe-fe7711012df4', '\"{\\\"status\\\":\\\"preparing\\\",\\\"updated_at\\\":\\\"2026-01-25T19:40:31.000000Z\\\"}\"', '\"{\\\"status\\\":\\\"ready\\\",\\\"updated_at\\\":\\\"2026-01-25 19:41:24\\\"}\"', '2026-01-25 19:41:24', '2026-01-25 19:41:24'),
('dc528ba4-163a-4e6f-8062-9e28ae1927c9', '8f99aef9-f9d7-46ce-9d39-8859e39638aa', '377a8d5a-b8b1-438d-9b04-e1a4bd341616', 'updated', 'App\\Models\\Order', '9185131e-c7bd-4ca5-b3eb-5a6fd7a24b9a', '\"{\\\"status\\\":\\\"preparing\\\",\\\"updated_at\\\":\\\"2026-01-25T19:40:34.000000Z\\\"}\"', '\"{\\\"status\\\":\\\"ready\\\",\\\"updated_at\\\":\\\"2026-01-25 19:41:41\\\"}\"', '2026-01-25 19:41:41', '2026-01-25 19:41:41'),
('6b21871f-ff9a-4af3-9bb4-13c09fba9dc6', '8f99aef9-f9d7-46ce-9d39-8859e39638aa', '377a8d5a-b8b1-438d-9b04-e1a4bd341616', 'created', 'App\\Models\\Order', 'f9eff7b3-eaae-47ed-afc7-14e8284ede10', NULL, '\"{\\\"tenant_id\\\":\\\"8f99aef9-f9d7-46ce-9d39-8859e39638aa\\\",\\\"order_number\\\":\\\"#0010\\\",\\\"status\\\":\\\"new\\\",\\\"customer_name\\\":\\\"Cliente Balc\\\\u00e3o\\\",\\\"customer_id\\\":null,\\\"total\\\":5,\\\"subtotal\\\":5,\\\"mode\\\":\\\"pickup\\\",\\\"payment_status\\\":\\\"paid\\\",\\\"motoboy_id\\\":null,\\\"id\\\":\\\"f9eff7b3-eaae-47ed-afc7-14e8284ede10\\\",\\\"updated_at\\\":\\\"2026-01-25T19:58:49.000000Z\\\",\\\"created_at\\\":\\\"2026-01-25T19:58:49.000000Z\\\"}\"', '2026-01-25 19:58:49', '2026-01-25 19:58:49'),
('f490979a-6674-410e-9446-4b25711164ec', '8f99aef9-f9d7-46ce-9d39-8859e39638aa', '377a8d5a-b8b1-438d-9b04-e1a4bd341616', 'updated', 'App\\Models\\Order', 'f9eff7b3-eaae-47ed-afc7-14e8284ede10', '\"{\\\"status\\\":\\\"new\\\",\\\"cancelled_at\\\":null,\\\"cancellation_reason\\\":null,\\\"updated_at\\\":\\\"2026-01-25T19:58:49.000000Z\\\"}\"', '\"{\\\"status\\\":\\\"cancelled\\\",\\\"cancelled_at\\\":\\\"2026-01-25 19:59:14\\\",\\\"cancellation_reason\\\":\\\"teste\\\",\\\"updated_at\\\":\\\"2026-01-25 19:59:14\\\"}\"', '2026-01-25 19:59:14', '2026-01-25 19:59:14'),
('a7d31352-1a6f-4cfd-84c3-98e4f4cf37db', '8f99aef9-f9d7-46ce-9d39-8859e39638aa', '377a8d5a-b8b1-438d-9b04-e1a4bd341616', 'created', 'App\\Models\\Order', '907abe81-5a8c-442b-a4c9-b25c91c8efc0', NULL, '\"{\\\"tenant_id\\\":\\\"8f99aef9-f9d7-46ce-9d39-8859e39638aa\\\",\\\"order_number\\\":\\\"#0011\\\",\\\"status\\\":\\\"new\\\",\\\"customer_name\\\":\\\"Cliente Balc\\\\u00e3o\\\",\\\"customer_id\\\":null,\\\"total\\\":5,\\\"subtotal\\\":5,\\\"mode\\\":\\\"pickup\\\",\\\"payment_status\\\":\\\"paid\\\",\\\"motoboy_id\\\":null,\\\"id\\\":\\\"907abe81-5a8c-442b-a4c9-b25c91c8efc0\\\",\\\"updated_at\\\":\\\"2026-01-25T20:04:04.000000Z\\\",\\\"created_at\\\":\\\"2026-01-25T20:04:04.000000Z\\\"}\"', '2026-01-25 20:04:04', '2026-01-25 20:04:04'),
('21ef524f-4f6b-48da-b73a-0f3a8788084a', '8f99aef9-f9d7-46ce-9d39-8859e39638aa', '377a8d5a-b8b1-438d-9b04-e1a4bd341616', 'created', 'App\\Models\\Order', 'd7594bdc-d37f-4c40-b870-41d69b4fff74', NULL, '\"{\\\"tenant_id\\\":\\\"8f99aef9-f9d7-46ce-9d39-8859e39638aa\\\",\\\"order_number\\\":\\\"#0012\\\",\\\"status\\\":\\\"new\\\",\\\"customer_name\\\":\\\"Cliente Balc\\\\u00e3o\\\",\\\"customer_id\\\":null,\\\"total\\\":5,\\\"subtotal\\\":5,\\\"mode\\\":\\\"pickup\\\",\\\"payment_status\\\":\\\"paid\\\",\\\"motoboy_id\\\":null,\\\"id\\\":\\\"d7594bdc-d37f-4c40-b870-41d69b4fff74\\\",\\\"updated_at\\\":\\\"2026-01-25T20:04:11.000000Z\\\",\\\"created_at\\\":\\\"2026-01-25T20:04:11.000000Z\\\"}\"', '2026-01-25 20:04:11', '2026-01-25 20:04:11'),
('7865b16a-9446-4e3f-b9d4-8f70baa24c7f', '8f99aef9-f9d7-46ce-9d39-8859e39638aa', '377a8d5a-b8b1-438d-9b04-e1a4bd341616', 'updated', 'App\\Models\\Order', 'd7594bdc-d37f-4c40-b870-41d69b4fff74', '\"{\\\"status\\\":\\\"new\\\",\\\"cancelled_at\\\":null,\\\"cancellation_reason\\\":null,\\\"updated_at\\\":\\\"2026-01-25T20:04:11.000000Z\\\"}\"', '\"{\\\"status\\\":\\\"cancelled\\\",\\\"cancelled_at\\\":\\\"2026-01-25 20:05:49\\\",\\\"cancellation_reason\\\":\\\"teste\\\",\\\"updated_at\\\":\\\"2026-01-25 20:05:49\\\"}\"', '2026-01-25 20:05:49', '2026-01-25 20:05:49'),
('b3341a73-8227-4eb6-ac29-5cd32795ac44', '8f99aef9-f9d7-46ce-9d39-8859e39638aa', '377a8d5a-b8b1-438d-9b04-e1a4bd341616', 'created', 'App\\Models\\Order', '83ea0c69-f92e-4543-950d-393f652b08a5', NULL, '\"{\\\"tenant_id\\\":\\\"8f99aef9-f9d7-46ce-9d39-8859e39638aa\\\",\\\"order_number\\\":\\\"#0013\\\",\\\"status\\\":\\\"new\\\",\\\"customer_name\\\":\\\"Cliente Balc\\\\u00e3o\\\",\\\"customer_id\\\":null,\\\"total\\\":5,\\\"subtotal\\\":5,\\\"mode\\\":\\\"pickup\\\",\\\"payment_status\\\":\\\"paid\\\",\\\"motoboy_id\\\":null,\\\"id\\\":\\\"83ea0c69-f92e-4543-950d-393f652b08a5\\\",\\\"updated_at\\\":\\\"2026-01-25T20:05:58.000000Z\\\",\\\"created_at\\\":\\\"2026-01-25T20:05:58.000000Z\\\"}\"', '2026-01-25 20:05:58', '2026-01-25 20:05:58'),
('a9b781ca-d135-4f26-a022-421e2de1e39a', '8f99aef9-f9d7-46ce-9d39-8859e39638aa', '377a8d5a-b8b1-438d-9b04-e1a4bd341616', 'updated', 'App\\Models\\Order', '907abe81-5a8c-442b-a4c9-b25c91c8efc0', '\"{\\\"status\\\":\\\"new\\\",\\\"updated_at\\\":\\\"2026-01-25T20:04:04.000000Z\\\"}\"', '\"{\\\"status\\\":\\\"preparing\\\",\\\"updated_at\\\":\\\"2026-01-25 20:06:06\\\"}\"', '2026-01-25 20:06:06', '2026-01-25 20:06:06'),
('76f0c92a-adcf-4bf5-b797-3769451f6723', '8f99aef9-f9d7-46ce-9d39-8859e39638aa', '377a8d5a-b8b1-438d-9b04-e1a4bd341616', 'updated', 'App\\Models\\Order', 'e89d0820-68a7-471a-aa6e-c2f45e14b15a', '\"{\\\"status\\\":\\\"preparing\\\",\\\"updated_at\\\":\\\"2026-01-25T19:41:23.000000Z\\\"}\"', '\"{\\\"status\\\":\\\"ready\\\",\\\"updated_at\\\":\\\"2026-01-25 20:06:07\\\"}\"', '2026-01-25 20:06:07', '2026-01-25 20:06:07'),
('7a06613d-97b6-4ab1-bea1-973cc7e0aebe', '8f99aef9-f9d7-46ce-9d39-8859e39638aa', '377a8d5a-b8b1-438d-9b04-e1a4bd341616', 'updated', 'App\\Models\\Order', '83ea0c69-f92e-4543-950d-393f652b08a5', '\"{\\\"status\\\":\\\"new\\\",\\\"updated_at\\\":\\\"2026-01-25T20:05:58.000000Z\\\"}\"', '\"{\\\"status\\\":\\\"preparing\\\",\\\"updated_at\\\":\\\"2026-01-25 20:09:22\\\"}\"', '2026-01-25 20:09:22', '2026-01-25 20:09:22'),
('f9ce2e86-1278-4d1e-85ed-1fced2c2e718', '8f99aef9-f9d7-46ce-9d39-8859e39638aa', '377a8d5a-b8b1-438d-9b04-e1a4bd341616', 'updated', 'App\\Models\\Order', '907abe81-5a8c-442b-a4c9-b25c91c8efc0', '\"{\\\"status\\\":\\\"preparing\\\",\\\"updated_at\\\":\\\"2026-01-25T20:06:06.000000Z\\\"}\"', '\"{\\\"status\\\":\\\"ready\\\",\\\"updated_at\\\":\\\"2026-01-25 20:13:33\\\"}\"', '2026-01-25 20:13:33', '2026-01-25 20:13:33'),
('9e9aa040-67f1-40e4-9c24-9ea744ad8d0b', '8f99aef9-f9d7-46ce-9d39-8859e39638aa', '377a8d5a-b8b1-438d-9b04-e1a4bd341616', 'updated', 'App\\Models\\Order', 'e89d0820-68a7-471a-aa6e-c2f45e14b15a', '\"{\\\"status\\\":\\\"ready\\\",\\\"cancelled_at\\\":null,\\\"cancellation_reason\\\":null,\\\"updated_at\\\":\\\"2026-01-25T20:06:07.000000Z\\\"}\"', '\"{\\\"status\\\":\\\"cancelled\\\",\\\"cancelled_at\\\":\\\"2026-01-25 20:13:41\\\",\\\"cancellation_reason\\\":\\\"teste\\\",\\\"updated_at\\\":\\\"2026-01-25 20:13:41\\\"}\"', '2026-01-25 20:13:41', '2026-01-25 20:13:41'),
('b4aa7ee2-7644-4c77-a6b4-b7b8e1baff2e', '8f99aef9-f9d7-46ce-9d39-8859e39638aa', '377a8d5a-b8b1-438d-9b04-e1a4bd341616', 'created', 'App\\Models\\Order', '505e945a-29bd-4a14-b01b-648c0311b182', NULL, '\"{\\\"tenant_id\\\":\\\"8f99aef9-f9d7-46ce-9d39-8859e39638aa\\\",\\\"order_number\\\":\\\"#0014\\\",\\\"status\\\":\\\"new\\\",\\\"customer_name\\\":\\\"Cliente Balc\\\\u00e3o\\\",\\\"customer_id\\\":null,\\\"total\\\":5,\\\"subtotal\\\":5,\\\"mode\\\":\\\"pickup\\\",\\\"payment_status\\\":\\\"paid\\\",\\\"motoboy_id\\\":null,\\\"id\\\":\\\"505e945a-29bd-4a14-b01b-648c0311b182\\\",\\\"updated_at\\\":\\\"2026-01-25T20:15:00.000000Z\\\",\\\"created_at\\\":\\\"2026-01-25T20:15:00.000000Z\\\"}\"', '2026-01-25 20:15:00', '2026-01-25 20:15:00'),
('560c2220-3e83-4d78-8387-5bf0b815fb9b', '8f99aef9-f9d7-46ce-9d39-8859e39638aa', '377a8d5a-b8b1-438d-9b04-e1a4bd341616', 'created', 'App\\Models\\Order', 'd4533751-a408-4cdd-88ee-bfa15c4213f8', NULL, '\"{\\\"tenant_id\\\":\\\"8f99aef9-f9d7-46ce-9d39-8859e39638aa\\\",\\\"order_number\\\":\\\"#0015\\\",\\\"status\\\":\\\"new\\\",\\\"customer_name\\\":\\\"Cliente Balc\\\\u00e3o\\\",\\\"customer_id\\\":null,\\\"total\\\":5,\\\"subtotal\\\":5,\\\"mode\\\":\\\"pickup\\\",\\\"payment_status\\\":\\\"paid\\\",\\\"motoboy_id\\\":null,\\\"id\\\":\\\"d4533751-a408-4cdd-88ee-bfa15c4213f8\\\",\\\"updated_at\\\":\\\"2026-01-25T20:15:16.000000Z\\\",\\\"created_at\\\":\\\"2026-01-25T20:15:16.000000Z\\\"}\"', '2026-01-25 20:15:16', '2026-01-25 20:15:16'),
('eaadf11a-32d8-4f55-a04e-0a6a1c9c105f', '8f99aef9-f9d7-46ce-9d39-8859e39638aa', '377a8d5a-b8b1-438d-9b04-e1a4bd341616', 'created', 'App\\Models\\Order', '223d9e21-5693-45f8-b32d-0fb80e514e85', NULL, '\"{\\\"tenant_id\\\":\\\"8f99aef9-f9d7-46ce-9d39-8859e39638aa\\\",\\\"order_number\\\":\\\"#0016\\\",\\\"status\\\":\\\"new\\\",\\\"customer_name\\\":\\\"Cliente Balc\\\\u00e3o\\\",\\\"customer_id\\\":null,\\\"total\\\":5,\\\"subtotal\\\":5,\\\"mode\\\":\\\"pickup\\\",\\\"payment_status\\\":\\\"paid\\\",\\\"motoboy_id\\\":null,\\\"id\\\":\\\"223d9e21-5693-45f8-b32d-0fb80e514e85\\\",\\\"updated_at\\\":\\\"2026-01-25T20:16:45.000000Z\\\",\\\"created_at\\\":\\\"2026-01-25T20:16:45.000000Z\\\"}\"', '2026-01-25 20:16:45', '2026-01-25 20:16:45'),
('07f9f6e0-a702-46d9-9e2b-0df2af42e20e', '8f99aef9-f9d7-46ce-9d39-8859e39638aa', '377a8d5a-b8b1-438d-9b04-e1a4bd341616', 'created', 'App\\Models\\Order', '465af374-5237-45b4-a528-8f3f0b88f111', NULL, '\"{\\\"tenant_id\\\":\\\"8f99aef9-f9d7-46ce-9d39-8859e39638aa\\\",\\\"order_number\\\":\\\"#0017\\\",\\\"status\\\":\\\"new\\\",\\\"customer_name\\\":\\\"Cliente Balc\\\\u00e3o\\\",\\\"customer_id\\\":null,\\\"total\\\":5,\\\"subtotal\\\":5,\\\"mode\\\":\\\"pickup\\\",\\\"payment_status\\\":\\\"paid\\\",\\\"motoboy_id\\\":null,\\\"id\\\":\\\"465af374-5237-45b4-a528-8f3f0b88f111\\\",\\\"updated_at\\\":\\\"2026-01-25T20:16:52.000000Z\\\",\\\"created_at\\\":\\\"2026-01-25T20:16:52.000000Z\\\"}\"', '2026-01-25 20:16:52', '2026-01-25 20:16:52'),
('d4bbafa4-a72a-4a59-bbb8-12db876f2a78', '8f99aef9-f9d7-46ce-9d39-8859e39638aa', '377a8d5a-b8b1-438d-9b04-e1a4bd341616', 'created', 'App\\Models\\Order', '043abf8d-4713-4336-bbc5-894d209e0232', NULL, '\"{\\\"tenant_id\\\":\\\"8f99aef9-f9d7-46ce-9d39-8859e39638aa\\\",\\\"order_number\\\":\\\"#0018\\\",\\\"status\\\":\\\"new\\\",\\\"customer_name\\\":\\\"Cliente Balc\\\\u00e3o\\\",\\\"customer_id\\\":null,\\\"total\\\":5,\\\"subtotal\\\":5,\\\"mode\\\":\\\"pickup\\\",\\\"payment_status\\\":\\\"paid\\\",\\\"motoboy_id\\\":null,\\\"id\\\":\\\"043abf8d-4713-4336-bbc5-894d209e0232\\\",\\\"updated_at\\\":\\\"2026-01-25T20:18:52.000000Z\\\",\\\"created_at\\\":\\\"2026-01-25T20:18:52.000000Z\\\"}\"', '2026-01-25 20:18:52', '2026-01-25 20:18:52'),
('1f7a9432-6a42-4778-bc3a-27d9573e461b', '8f99aef9-f9d7-46ce-9d39-8859e39638aa', '377a8d5a-b8b1-438d-9b04-e1a4bd341616', 'updated', 'App\\Models\\Product', '4f9f8971-b6cc-4b99-81ca-70c085d0d05f', '\"{\\\"is_available\\\":true,\\\"updated_at\\\":\\\"2026-01-25T18:55:58.000000Z\\\"}\"', '\"{\\\"is_available\\\":false,\\\"updated_at\\\":\\\"2026-01-25 20:20:49\\\"}\"', '2026-01-25 20:20:49', '2026-01-25 20:20:49'),
('bf834e6e-7579-4c61-bb61-ef7d17611648', '8f99aef9-f9d7-46ce-9d39-8859e39638aa', '377a8d5a-b8b1-438d-9b04-e1a4bd341616', 'updated', 'App\\Models\\Product', '4f9f8971-b6cc-4b99-81ca-70c085d0d05f', '\"{\\\"is_available\\\":false,\\\"updated_at\\\":\\\"2026-01-25T20:20:49.000000Z\\\"}\"', '\"{\\\"is_available\\\":true,\\\"updated_at\\\":\\\"2026-01-25 20:20:52\\\"}\"', '2026-01-25 20:20:52', '2026-01-25 20:20:52'),
('03871d3e-d64d-4e33-9499-520c85a65a37', '8f99aef9-f9d7-46ce-9d39-8859e39638aa', '377a8d5a-b8b1-438d-9b04-e1a4bd341616', 'updated', 'App\\Models\\Product', '4f9f8971-b6cc-4b99-81ca-70c085d0d05f', '\"{\\\"is_available\\\":true,\\\"updated_at\\\":\\\"2026-01-25T20:20:52.000000Z\\\"}\"', '\"{\\\"is_available\\\":false,\\\"updated_at\\\":\\\"2026-01-25 20:20:55\\\"}\"', '2026-01-25 20:20:55', '2026-01-25 20:20:55'),
('d550e840-be53-4252-9eb0-8dda45c91662', '8f99aef9-f9d7-46ce-9d39-8859e39638aa', '377a8d5a-b8b1-438d-9b04-e1a4bd341616', 'updated', 'App\\Models\\Product', '4f9f8971-b6cc-4b99-81ca-70c085d0d05f', '\"{\\\"is_available\\\":false,\\\"updated_at\\\":\\\"2026-01-25T20:20:55.000000Z\\\"}\"', '\"{\\\"is_available\\\":true,\\\"updated_at\\\":\\\"2026-01-25 20:21:01\\\"}\"', '2026-01-25 20:21:01', '2026-01-25 20:21:01'),
('3d095c07-0de2-4f42-a8ed-9723d263720f', '8f99aef9-f9d7-46ce-9d39-8859e39638aa', '377a8d5a-b8b1-438d-9b04-e1a4bd341616', 'updated', 'App\\Models\\Product', '4f9f8971-b6cc-4b99-81ca-70c085d0d05f', '\"{\\\"is_available\\\":true,\\\"updated_at\\\":\\\"2026-01-25T20:21:01.000000Z\\\"}\"', '\"{\\\"is_available\\\":false,\\\"updated_at\\\":\\\"2026-01-25 20:21:03\\\"}\"', '2026-01-25 20:21:03', '2026-01-25 20:21:03'),
('ba8100f8-dcd7-4850-82de-5e4246019361', '8f99aef9-f9d7-46ce-9d39-8859e39638aa', '377a8d5a-b8b1-438d-9b04-e1a4bd341616', 'updated', 'App\\Models\\Product', '4f9f8971-b6cc-4b99-81ca-70c085d0d05f', '\"{\\\"is_available\\\":false,\\\"updated_at\\\":\\\"2026-01-25T20:21:03.000000Z\\\"}\"', '\"{\\\"is_available\\\":true,\\\"updated_at\\\":\\\"2026-01-25 20:21:09\\\"}\"', '2026-01-25 20:21:09', '2026-01-25 20:21:09'),
('9e022b13-5987-402d-8557-fa4c6fb65e21', '8f99aef9-f9d7-46ce-9d39-8859e39638aa', '377a8d5a-b8b1-438d-9b04-e1a4bd341616', 'created', 'App\\Models\\Order', '7bc25090-7d95-4f14-9815-083441e61b22', NULL, '\"{\\\"tenant_id\\\":\\\"8f99aef9-f9d7-46ce-9d39-8859e39638aa\\\",\\\"order_number\\\":\\\"#0019\\\",\\\"status\\\":\\\"new\\\",\\\"customer_name\\\":\\\"Cliente Balc\\\\u00e3o\\\",\\\"customer_id\\\":null,\\\"total\\\":5,\\\"subtotal\\\":5,\\\"mode\\\":\\\"pickup\\\",\\\"payment_status\\\":\\\"paid\\\",\\\"motoboy_id\\\":null,\\\"id\\\":\\\"7bc25090-7d95-4f14-9815-083441e61b22\\\",\\\"updated_at\\\":\\\"2026-01-25T20:21:15.000000Z\\\",\\\"created_at\\\":\\\"2026-01-25T20:21:15.000000Z\\\"}\"', '2026-01-25 20:21:15', '2026-01-25 20:21:15'),
('9560738f-347d-4fff-a9ba-3102a1985d9b', '8f99aef9-f9d7-46ce-9d39-8859e39638aa', '377a8d5a-b8b1-438d-9b04-e1a4bd341616', 'created', 'App\\Models\\Order', '1924e9e4-d4a4-48ea-a067-1df644414a84', NULL, '\"{\\\"tenant_id\\\":\\\"8f99aef9-f9d7-46ce-9d39-8859e39638aa\\\",\\\"order_number\\\":\\\"#0020\\\",\\\"status\\\":\\\"new\\\",\\\"customer_name\\\":\\\"Cliente Balc\\\\u00e3o\\\",\\\"customer_id\\\":null,\\\"total\\\":5,\\\"subtotal\\\":5,\\\"mode\\\":\\\"pickup\\\",\\\"payment_status\\\":\\\"paid\\\",\\\"motoboy_id\\\":null,\\\"id\\\":\\\"1924e9e4-d4a4-48ea-a067-1df644414a84\\\",\\\"updated_at\\\":\\\"2026-01-25T20:23:16.000000Z\\\",\\\"created_at\\\":\\\"2026-01-25T20:23:16.000000Z\\\"}\"', '2026-01-25 20:23:16', '2026-01-25 20:23:16'),
('11ede4e1-cbf2-4a3c-90fd-775c57e17f89', '8f99aef9-f9d7-46ce-9d39-8859e39638aa', '377a8d5a-b8b1-438d-9b04-e1a4bd341616', 'created', 'App\\Models\\Order', 'aa279dc8-6b74-4d4f-a323-f8d0d88db98b', NULL, '\"{\\\"tenant_id\\\":\\\"8f99aef9-f9d7-46ce-9d39-8859e39638aa\\\",\\\"order_number\\\":\\\"#0021\\\",\\\"status\\\":\\\"new\\\",\\\"customer_name\\\":\\\"Cliente Balc\\\\u00e3o\\\",\\\"customer_id\\\":null,\\\"total\\\":5,\\\"subtotal\\\":5,\\\"mode\\\":\\\"pickup\\\",\\\"payment_status\\\":\\\"paid\\\",\\\"motoboy_id\\\":null,\\\"id\\\":\\\"aa279dc8-6b74-4d4f-a323-f8d0d88db98b\\\",\\\"updated_at\\\":\\\"2026-01-25T20:25:57.000000Z\\\",\\\"created_at\\\":\\\"2026-01-25T20:25:57.000000Z\\\"}\"', '2026-01-25 20:25:57', '2026-01-25 20:25:57'),
('197a09a6-1edb-4a70-98fa-e7c207db1958', '8f99aef9-f9d7-46ce-9d39-8859e39638aa', '377a8d5a-b8b1-438d-9b04-e1a4bd341616', 'created', 'App\\Models\\Order', 'a3ab9050-828b-460d-9456-46a90982a8c9', NULL, '\"{\\\"tenant_id\\\":\\\"8f99aef9-f9d7-46ce-9d39-8859e39638aa\\\",\\\"order_number\\\":\\\"#0022\\\",\\\"status\\\":\\\"new\\\",\\\"customer_name\\\":\\\"Cliente Balc\\\\u00e3o\\\",\\\"customer_id\\\":null,\\\"total\\\":5,\\\"subtotal\\\":5,\\\"mode\\\":\\\"pickup\\\",\\\"payment_status\\\":\\\"paid\\\",\\\"motoboy_id\\\":null,\\\"id\\\":\\\"a3ab9050-828b-460d-9456-46a90982a8c9\\\",\\\"updated_at\\\":\\\"2026-01-25T20:28:08.000000Z\\\",\\\"created_at\\\":\\\"2026-01-25T20:28:08.000000Z\\\"}\"', '2026-01-25 20:28:08', '2026-01-25 20:28:08'),
('cd062ab7-07c7-4b86-8856-bbfca5c66bea', '8f99aef9-f9d7-46ce-9d39-8859e39638aa', '377a8d5a-b8b1-438d-9b04-e1a4bd341616', 'created', 'App\\Models\\Order', 'd14b4a2d-6ccb-4fc5-bd01-64f1ce67a59b', NULL, '\"{\\\"tenant_id\\\":\\\"8f99aef9-f9d7-46ce-9d39-8859e39638aa\\\",\\\"order_number\\\":\\\"#0023\\\",\\\"status\\\":\\\"new\\\",\\\"customer_name\\\":\\\"Cliente Balc\\\\u00e3o\\\",\\\"customer_id\\\":null,\\\"total\\\":5,\\\"subtotal\\\":5,\\\"mode\\\":\\\"pickup\\\",\\\"payment_status\\\":\\\"paid\\\",\\\"motoboy_id\\\":null,\\\"id\\\":\\\"d14b4a2d-6ccb-4fc5-bd01-64f1ce67a59b\\\",\\\"updated_at\\\":\\\"2026-01-25T20:29:55.000000Z\\\",\\\"created_at\\\":\\\"2026-01-25T20:29:55.000000Z\\\"}\"', '2026-01-25 20:29:55', '2026-01-25 20:29:55'),
('2248dba9-18e9-48a5-9115-ebf66e81f17f', '8f99aef9-f9d7-46ce-9d39-8859e39638aa', '377a8d5a-b8b1-438d-9b04-e1a4bd341616', 'created', 'App\\Models\\Order', '6b8cbb7c-e7a4-4e6a-8766-0c576930373f', NULL, '\"{\\\"tenant_id\\\":\\\"8f99aef9-f9d7-46ce-9d39-8859e39638aa\\\",\\\"order_number\\\":\\\"#0024\\\",\\\"status\\\":\\\"new\\\",\\\"customer_name\\\":\\\"Cliente Balc\\\\u00e3o\\\",\\\"customer_id\\\":null,\\\"total\\\":5,\\\"subtotal\\\":5,\\\"mode\\\":\\\"pickup\\\",\\\"payment_status\\\":\\\"paid\\\",\\\"motoboy_id\\\":null,\\\"id\\\":\\\"6b8cbb7c-e7a4-4e6a-8766-0c576930373f\\\",\\\"updated_at\\\":\\\"2026-01-25T20:34:39.000000Z\\\",\\\"created_at\\\":\\\"2026-01-25T20:34:39.000000Z\\\"}\"', '2026-01-25 20:34:39', '2026-01-25 20:34:39'),
('4a2efb4e-f3e6-46bc-b9ff-e640e2a137e5', '8f99aef9-f9d7-46ce-9d39-8859e39638aa', '377a8d5a-b8b1-438d-9b04-e1a4bd341616', 'created', 'App\\Models\\Order', '24c6f081-1ace-4187-a017-937cb719d469', NULL, '\"{\\\"tenant_id\\\":\\\"8f99aef9-f9d7-46ce-9d39-8859e39638aa\\\",\\\"order_number\\\":\\\"#0025\\\",\\\"status\\\":\\\"new\\\",\\\"customer_name\\\":\\\"Cliente Balc\\\\u00e3o\\\",\\\"customer_id\\\":null,\\\"total\\\":5,\\\"subtotal\\\":5,\\\"mode\\\":\\\"pickup\\\",\\\"payment_status\\\":\\\"paid\\\",\\\"motoboy_id\\\":null,\\\"id\\\":\\\"24c6f081-1ace-4187-a017-937cb719d469\\\",\\\"updated_at\\\":\\\"2026-01-25T20:36:31.000000Z\\\",\\\"created_at\\\":\\\"2026-01-25T20:36:31.000000Z\\\"}\"', '2026-01-25 20:36:31', '2026-01-25 20:36:31'),
('ff42eeb7-4911-4249-991c-51a8bf76d4e7', '8f99aef9-f9d7-46ce-9d39-8859e39638aa', '377a8d5a-b8b1-438d-9b04-e1a4bd341616', 'created', 'App\\Models\\Order', '899d3750-9687-4b93-93a2-d61274427918', NULL, '\"{\\\"tenant_id\\\":\\\"8f99aef9-f9d7-46ce-9d39-8859e39638aa\\\",\\\"order_number\\\":\\\"#0026\\\",\\\"status\\\":\\\"new\\\",\\\"customer_name\\\":\\\"Cliente Balc\\\\u00e3o\\\",\\\"customer_id\\\":null,\\\"total\\\":5,\\\"subtotal\\\":5,\\\"mode\\\":\\\"pickup\\\",\\\"payment_status\\\":\\\"paid\\\",\\\"motoboy_id\\\":null,\\\"id\\\":\\\"899d3750-9687-4b93-93a2-d61274427918\\\",\\\"updated_at\\\":\\\"2026-01-25T20:40:04.000000Z\\\",\\\"created_at\\\":\\\"2026-01-25T20:40:04.000000Z\\\"}\"', '2026-01-25 20:40:04', '2026-01-25 20:40:04'),
('767d627e-a965-44ae-88c7-3f55fa61c338', '8f99aef9-f9d7-46ce-9d39-8859e39638aa', '377a8d5a-b8b1-438d-9b04-e1a4bd341616', 'created', 'App\\Models\\Order', '8a11fbf9-b5cd-467f-969f-607a81ff85c6', NULL, '\"{\\\"tenant_id\\\":\\\"8f99aef9-f9d7-46ce-9d39-8859e39638aa\\\",\\\"order_number\\\":\\\"#0027\\\",\\\"status\\\":\\\"new\\\",\\\"customer_name\\\":\\\"Cliente Balc\\\\u00e3o\\\",\\\"customer_id\\\":null,\\\"total\\\":5,\\\"subtotal\\\":5,\\\"mode\\\":\\\"pickup\\\",\\\"payment_status\\\":\\\"paid\\\",\\\"motoboy_id\\\":null,\\\"id\\\":\\\"8a11fbf9-b5cd-467f-969f-607a81ff85c6\\\",\\\"updated_at\\\":\\\"2026-01-25T20:42:44.000000Z\\\",\\\"created_at\\\":\\\"2026-01-25T20:42:44.000000Z\\\"}\"', '2026-01-25 20:42:44', '2026-01-25 20:42:44'),
('5347f350-a723-4e89-912e-921ce75872db', '8f99aef9-f9d7-46ce-9d39-8859e39638aa', '377a8d5a-b8b1-438d-9b04-e1a4bd341616', 'updated', 'App\\Models\\Order', '83ea0c69-f92e-4543-950d-393f652b08a5', '\"{\\\"status\\\":\\\"preparing\\\",\\\"updated_at\\\":\\\"2026-01-25T20:09:22.000000Z\\\"}\"', '\"{\\\"status\\\":\\\"ready\\\",\\\"updated_at\\\":\\\"2026-01-25 20:44:31\\\"}\"', '2026-01-25 20:44:31', '2026-01-25 20:44:31'),
('2567a61a-a107-4326-8e3d-b491c1febbc1', '8f99aef9-f9d7-46ce-9d39-8859e39638aa', '377a8d5a-b8b1-438d-9b04-e1a4bd341616', 'updated', 'App\\Models\\Order', '8a11fbf9-b5cd-467f-969f-607a81ff85c6', '\"{\\\"status\\\":\\\"new\\\",\\\"updated_at\\\":\\\"2026-01-25T20:42:44.000000Z\\\",\\\"preparation_started_at\\\":null,\\\"estimated_ready_at\\\":null}\"', '\"{\\\"status\\\":\\\"preparing\\\",\\\"updated_at\\\":\\\"2026-01-25 20:44:33\\\",\\\"preparation_started_at\\\":\\\"2026-01-25 20:44:33\\\",\\\"estimated_ready_at\\\":\\\"2026-01-25 21:14:33\\\"}\"', '2026-01-25 20:44:33', '2026-01-25 20:44:33'),
('92d9b141-1230-407f-9dd8-f74d17a181ea', '8f99aef9-f9d7-46ce-9d39-8859e39638aa', '377a8d5a-b8b1-438d-9b04-e1a4bd341616', 'created', 'App\\Models\\Order', '28d403f3-d886-4f4a-89a7-142d53eba846', NULL, '\"{\\\"tenant_id\\\":\\\"8f99aef9-f9d7-46ce-9d39-8859e39638aa\\\",\\\"customer_id\\\":\\\"16f93bd5-406a-48ce-a7d8-ca08ebd2aa97\\\",\\\"order_number\\\":1,\\\"status\\\":\\\"new\\\",\\\"mode\\\":\\\"pickup\\\",\\\"address_id\\\":null,\\\"subtotal\\\":5,\\\"delivery_fee\\\":0,\\\"total\\\":5,\\\"payment_status\\\":\\\"pending\\\",\\\"change_for\\\":null,\\\"customer_name\\\":\\\"vertinho\\\",\\\"customer_phone\\\":\\\"81998528017\\\",\\\"delivery_address\\\":null,\\\"id\\\":\\\"28d403f3-d886-4f4a-89a7-142d53eba846\\\",\\\"updated_at\\\":\\\"2026-01-25T20:50:16.000000Z\\\",\\\"created_at\\\":\\\"2026-01-25T20:50:16.000000Z\\\"}\"', '2026-01-25 20:50:16', '2026-01-25 20:50:16'),
('07041cb6-2fd5-4eeb-836f-92e819dcedf4', '8f99aef9-f9d7-46ce-9d39-8859e39638aa', '377a8d5a-b8b1-438d-9b04-e1a4bd341616', 'updated', 'App\\Models\\Product', '4f9f8971-b6cc-4b99-81ca-70c085d0d05f', '\"{\\\"is_available\\\":true,\\\"updated_at\\\":\\\"2026-01-25T20:21:09.000000Z\\\"}\"', '\"{\\\"is_available\\\":false,\\\"updated_at\\\":\\\"2026-01-25 21:36:10\\\"}\"', '2026-01-25 21:36:10', '2026-01-25 21:36:10'),
('b613f395-3d26-4b1c-994b-03b1562e39da', '8f99aef9-f9d7-46ce-9d39-8859e39638aa', '377a8d5a-b8b1-438d-9b04-e1a4bd341616', 'updated', 'App\\Models\\Product', '4f9f8971-b6cc-4b99-81ca-70c085d0d05f', '\"{\\\"is_available\\\":false,\\\"updated_at\\\":\\\"2026-01-25T21:36:10.000000Z\\\"}\"', '\"{\\\"is_available\\\":true,\\\"updated_at\\\":\\\"2026-01-25 21:36:12\\\"}\"', '2026-01-25 21:36:12', '2026-01-25 21:36:12'),
('22dc0669-bd54-412e-97bc-ebfbe0e42604', '8f99aef9-f9d7-46ce-9d39-8859e39638aa', '377a8d5a-b8b1-438d-9b04-e1a4bd341616', 'updated', 'App\\Models\\Product', '4f9f8971-b6cc-4b99-81ca-70c085d0d05f', '\"{\\\"is_available\\\":true,\\\"updated_at\\\":\\\"2026-01-25T21:36:12.000000Z\\\"}\"', '\"{\\\"is_available\\\":false,\\\"updated_at\\\":\\\"2026-01-25 23:34:41\\\"}\"', '2026-01-25 23:34:41', '2026-01-25 23:34:41'),
('490fbb63-dc47-4cad-922c-4d0e2657b489', '8f99aef9-f9d7-46ce-9d39-8859e39638aa', '377a8d5a-b8b1-438d-9b04-e1a4bd341616', 'updated', 'App\\Models\\Product', '4f9f8971-b6cc-4b99-81ca-70c085d0d05f', '\"{\\\"is_available\\\":false,\\\"updated_at\\\":\\\"2026-01-25T23:34:41.000000Z\\\"}\"', '\"{\\\"is_available\\\":true,\\\"updated_at\\\":\\\"2026-01-25 23:34:43\\\"}\"', '2026-01-25 23:34:43', '2026-01-25 23:34:43'),
('e8ac5e67-5801-4c07-9df0-19abec1d1792', '8f99aef9-f9d7-46ce-9d39-8859e39638aa', '377a8d5a-b8b1-438d-9b04-e1a4bd341616', 'updated', 'App\\Models\\Product', '4f9f8971-b6cc-4b99-81ca-70c085d0d05f', '\"{\\\"loyalty_redeemable\\\":false,\\\"loyalty_points_cost\\\":null,\\\"updated_at\\\":\\\"2026-01-25T23:34:43.000000Z\\\"}\"', '\"{\\\"loyalty_redeemable\\\":true,\\\"loyalty_points_cost\\\":50,\\\"updated_at\\\":\\\"2026-01-25 23:40:33\\\"}\"', '2026-01-25 23:40:33', '2026-01-25 23:40:33'),
('a94a2993-d20c-4e8b-a2d2-d7afa0130d56', '8f99aef9-f9d7-46ce-9d39-8859e39638aa', '377a8d5a-b8b1-438d-9b04-e1a4bd341616', 'updated', 'App\\Models\\Product', '4f9f8971-b6cc-4b99-81ca-70c085d0d05f', '\"{\\\"is_featured\\\":true,\\\"updated_at\\\":\\\"2026-01-25T23:40:33.000000Z\\\"}\"', '\"{\\\"is_featured\\\":false,\\\"updated_at\\\":\\\"2026-01-26 01:11:47\\\"}\"', '2026-01-26 01:11:47', '2026-01-26 01:11:47'),
('4dfbefaf-1249-4b13-a63b-b5324276cac0', '8f99aef9-f9d7-46ce-9d39-8859e39638aa', '377a8d5a-b8b1-438d-9b04-e1a4bd341616', 'updated', 'App\\Models\\Product', '4f9f8971-b6cc-4b99-81ca-70c085d0d05f', '\"{\\\"is_featured\\\":false,\\\"updated_at\\\":\\\"2026-01-26T01:11:47.000000Z\\\"}\"', '\"{\\\"is_featured\\\":true,\\\"updated_at\\\":\\\"2026-01-26 01:12:07\\\"}\"', '2026-01-26 01:12:07', '2026-01-26 01:12:07'),
('f36fe43a-938b-43f5-9964-7613a19168b4', '8f99aef9-f9d7-46ce-9d39-8859e39638aa', '377a8d5a-b8b1-438d-9b04-e1a4bd341616', 'updated', 'App\\Models\\Product', '4f9f8971-b6cc-4b99-81ca-70c085d0d05f', '\"{\\\"is_featured\\\":true,\\\"updated_at\\\":\\\"2026-01-26T01:12:07.000000Z\\\"}\"', '\"{\\\"is_featured\\\":false,\\\"updated_at\\\":\\\"2026-01-26 01:12:11\\\"}\"', '2026-01-26 01:12:11', '2026-01-26 01:12:11'),
('e5c8c296-b825-4719-9623-a279c6644824', '8f99aef9-f9d7-46ce-9d39-8859e39638aa', '377a8d5a-b8b1-438d-9b04-e1a4bd341616', 'updated', 'App\\Models\\Product', '4f9f8971-b6cc-4b99-81ca-70c085d0d05f', '\"{\\\"updated_at\\\":\\\"2026-01-26T01:12:11.000000Z\\\",\\\"is_promotional\\\":false}\"', '\"{\\\"updated_at\\\":\\\"2026-01-26 01:15:58\\\",\\\"is_promotional\\\":true}\"', '2026-01-26 01:15:58', '2026-01-26 01:15:58'),
('224074fe-1926-404f-bb91-72e68f807e14', '8f99aef9-f9d7-46ce-9d39-8859e39638aa', '377a8d5a-b8b1-438d-9b04-e1a4bd341616', 'updated', 'App\\Models\\Product', '4f9f8971-b6cc-4b99-81ca-70c085d0d05f', '\"{\\\"is_featured\\\":false,\\\"updated_at\\\":\\\"2026-01-26T01:15:58.000000Z\\\"}\"', '\"{\\\"is_featured\\\":true,\\\"updated_at\\\":\\\"2026-01-26 01:16:03\\\"}\"', '2026-01-26 01:16:03', '2026-01-26 01:16:03'),
('f3fe033d-05d3-4152-9de9-bb984a75dee6', '8f99aef9-f9d7-46ce-9d39-8859e39638aa', '377a8d5a-b8b1-438d-9b04-e1a4bd341616', 'updated', 'App\\Models\\Product', '4f9f8971-b6cc-4b99-81ca-70c085d0d05f', '\"{\\\"is_featured\\\":true,\\\"updated_at\\\":\\\"2026-01-26T01:16:03.000000Z\\\"}\"', '\"{\\\"is_featured\\\":false,\\\"updated_at\\\":\\\"2026-01-26 01:16:07\\\"}\"', '2026-01-26 01:16:07', '2026-01-26 01:16:07'),
('9c45fb76-c239-4176-a057-767800dbf141', '8f99aef9-f9d7-46ce-9d39-8859e39638aa', '377a8d5a-b8b1-438d-9b04-e1a4bd341616', 'updated', 'App\\Models\\Product', '4f9f8971-b6cc-4b99-81ca-70c085d0d05f', '\"{\\\"updated_at\\\":\\\"2026-01-26T01:16:07.000000Z\\\",\\\"is_new\\\":false}\"', '\"{\\\"updated_at\\\":\\\"2026-01-26 01:16:09\\\",\\\"is_new\\\":true}\"', '2026-01-26 01:16:09', '2026-01-26 01:16:09'),
('b48ce7fc-97fd-4b35-a3a6-ee1948d06bbe', '8f99aef9-f9d7-46ce-9d39-8859e39638aa', '377a8d5a-b8b1-438d-9b04-e1a4bd341616', 'updated', 'App\\Models\\Product', '4f9f8971-b6cc-4b99-81ca-70c085d0d05f', '\"{\\\"is_exclusive\\\":false}\"', '\"{\\\"is_exclusive\\\":true}\"', '2026-01-26 01:16:09', '2026-01-26 01:16:09'),
('45a93c15-554b-4307-a428-6df60e0881d0', '8f99aef9-f9d7-46ce-9d39-8859e39638aa', '377a8d5a-b8b1-438d-9b04-e1a4bd341616', 'updated', 'App\\Models\\Product', '4f9f8971-b6cc-4b99-81ca-70c085d0d05f', '\"{\\\"updated_at\\\":\\\"2026-01-26T01:16:09.000000Z\\\",\\\"is_promotional\\\":true}\"', '\"{\\\"updated_at\\\":\\\"2026-01-26 01:55:05\\\",\\\"is_promotional\\\":false}\"', '2026-01-26 01:55:05', '2026-01-26 01:55:05'),
('95e691a1-c4c8-4857-b560-7b97a99540c9', '8f99aef9-f9d7-46ce-9d39-8859e39638aa', '377a8d5a-b8b1-438d-9b04-e1a4bd341616', 'updated', 'App\\Models\\Product', '4f9f8971-b6cc-4b99-81ca-70c085d0d05f', '\"{\\\"updated_at\\\":\\\"2026-01-26T01:55:05.000000Z\\\",\\\"is_new\\\":true}\"', '\"{\\\"updated_at\\\":\\\"2026-01-26 01:55:12\\\",\\\"is_new\\\":false}\"', '2026-01-26 01:55:12', '2026-01-26 01:55:12'),
('0a2e4b68-3941-4c6f-8e95-2c700b23f459', '8f99aef9-f9d7-46ce-9d39-8859e39638aa', '377a8d5a-b8b1-438d-9b04-e1a4bd341616', 'updated', 'App\\Models\\Product', '4f9f8971-b6cc-4b99-81ca-70c085d0d05f', '\"{\\\"updated_at\\\":\\\"2026-01-26T01:55:12.000000Z\\\",\\\"is_exclusive\\\":true}\"', '\"{\\\"updated_at\\\":\\\"2026-01-26 01:55:13\\\",\\\"is_exclusive\\\":false}\"', '2026-01-26 01:55:13', '2026-01-26 01:55:13'),
('8e4bcc40-163b-4a67-b9f8-85c6c418face', '8f99aef9-f9d7-46ce-9d39-8859e39638aa', '377a8d5a-b8b1-438d-9b04-e1a4bd341616', 'updated', 'App\\Models\\Order', '28d403f3-d886-4f4a-89a7-142d53eba846', '\"{\\\"status\\\":\\\"new\\\",\\\"cancelled_at\\\":null,\\\"cancellation_reason\\\":null,\\\"updated_at\\\":\\\"2026-01-25T20:50:16.000000Z\\\"}\"', '\"{\\\"status\\\":\\\"cancelled\\\",\\\"cancelled_at\\\":\\\"2026-01-26 03:36:47\\\",\\\"cancellation_reason\\\":\\\"teste\\\",\\\"updated_at\\\":\\\"2026-01-26 03:36:47\\\"}\"', '2026-01-26 03:36:47', '2026-01-26 03:36:47'),
('cc88d492-a54e-431e-ab11-7d2be67b614b', '8f99aef9-f9d7-46ce-9d39-8859e39638aa', '377a8d5a-b8b1-438d-9b04-e1a4bd341616', 'updated', 'App\\Models\\Order', '899d3750-9687-4b93-93a2-d61274427918', '\"{\\\"status\\\":\\\"new\\\",\\\"cancelled_at\\\":null,\\\"cancellation_reason\\\":null,\\\"updated_at\\\":\\\"2026-01-25T20:40:04.000000Z\\\"}\"', '\"{\\\"status\\\":\\\"cancelled\\\",\\\"cancelled_at\\\":\\\"2026-01-26 03:36:49\\\",\\\"cancellation_reason\\\":\\\"teste\\\",\\\"updated_at\\\":\\\"2026-01-26 03:36:49\\\"}\"', '2026-01-26 03:36:49', '2026-01-26 03:36:49'),
('e9ed0391-11cf-4dca-af18-cf3baec0128f', '8f99aef9-f9d7-46ce-9d39-8859e39638aa', '377a8d5a-b8b1-438d-9b04-e1a4bd341616', 'updated', 'App\\Models\\Order', '24c6f081-1ace-4187-a017-937cb719d469', '\"{\\\"status\\\":\\\"new\\\",\\\"cancelled_at\\\":null,\\\"cancellation_reason\\\":null,\\\"updated_at\\\":\\\"2026-01-25T20:36:31.000000Z\\\"}\"', '\"{\\\"status\\\":\\\"cancelled\\\",\\\"cancelled_at\\\":\\\"2026-01-26 03:36:51\\\",\\\"cancellation_reason\\\":\\\"teste\\\",\\\"updated_at\\\":\\\"2026-01-26 03:36:51\\\"}\"', '2026-01-26 03:36:51', '2026-01-26 03:36:51'),
('91cab5bd-e6aa-4633-8f90-da1888263e03', '8f99aef9-f9d7-46ce-9d39-8859e39638aa', '377a8d5a-b8b1-438d-9b04-e1a4bd341616', 'updated', 'App\\Models\\Order', '6b8cbb7c-e7a4-4e6a-8766-0c576930373f', '\"{\\\"status\\\":\\\"new\\\",\\\"cancelled_at\\\":null,\\\"cancellation_reason\\\":null,\\\"updated_at\\\":\\\"2026-01-25T20:34:39.000000Z\\\"}\"', '\"{\\\"status\\\":\\\"cancelled\\\",\\\"cancelled_at\\\":\\\"2026-01-26 03:36:53\\\",\\\"cancellation_reason\\\":\\\"teste\\\",\\\"updated_at\\\":\\\"2026-01-26 03:36:53\\\"}\"', '2026-01-26 03:36:53', '2026-01-26 03:36:53'),
('ca220364-ebce-4706-bc1e-a1bc86ad2aa5', '8f99aef9-f9d7-46ce-9d39-8859e39638aa', '377a8d5a-b8b1-438d-9b04-e1a4bd341616', 'updated', 'App\\Models\\Order', 'd14b4a2d-6ccb-4fc5-bd01-64f1ce67a59b', '\"{\\\"status\\\":\\\"new\\\",\\\"cancelled_at\\\":null,\\\"cancellation_reason\\\":null,\\\"updated_at\\\":\\\"2026-01-25T20:29:55.000000Z\\\"}\"', '\"{\\\"status\\\":\\\"cancelled\\\",\\\"cancelled_at\\\":\\\"2026-01-26 03:36:54\\\",\\\"cancellation_reason\\\":\\\"teste\\\",\\\"updated_at\\\":\\\"2026-01-26 03:36:54\\\"}\"', '2026-01-26 03:36:54', '2026-01-26 03:36:54'),
('04a8ba37-f280-4d9e-8884-35d83cae2525', '8f99aef9-f9d7-46ce-9d39-8859e39638aa', '377a8d5a-b8b1-438d-9b04-e1a4bd341616', 'updated', 'App\\Models\\Order', 'a3ab9050-828b-460d-9456-46a90982a8c9', '\"{\\\"status\\\":\\\"new\\\",\\\"cancelled_at\\\":null,\\\"cancellation_reason\\\":null,\\\"updated_at\\\":\\\"2026-01-25T20:28:08.000000Z\\\"}\"', '\"{\\\"status\\\":\\\"cancelled\\\",\\\"cancelled_at\\\":\\\"2026-01-26 03:36:56\\\",\\\"cancellation_reason\\\":\\\"teste\\\",\\\"updated_at\\\":\\\"2026-01-26 03:36:56\\\"}\"', '2026-01-26 03:36:56', '2026-01-26 03:36:56'),
('6368b653-a1a4-4680-8f56-892ebacdbd03', '8f99aef9-f9d7-46ce-9d39-8859e39638aa', '377a8d5a-b8b1-438d-9b04-e1a4bd341616', 'updated', 'App\\Models\\Order', 'aa279dc8-6b74-4d4f-a323-f8d0d88db98b', '\"{\\\"status\\\":\\\"new\\\",\\\"cancelled_at\\\":null,\\\"cancellation_reason\\\":null,\\\"updated_at\\\":\\\"2026-01-25T20:25:57.000000Z\\\"}\"', '\"{\\\"status\\\":\\\"cancelled\\\",\\\"cancelled_at\\\":\\\"2026-01-26 03:36:57\\\",\\\"cancellation_reason\\\":\\\"teste\\\",\\\"updated_at\\\":\\\"2026-01-26 03:36:57\\\"}\"', '2026-01-26 03:36:57', '2026-01-26 03:36:57'),
('8457c5bc-66b0-4708-b2f2-5c8597a00f08', '8f99aef9-f9d7-46ce-9d39-8859e39638aa', '377a8d5a-b8b1-438d-9b04-e1a4bd341616', 'updated', 'App\\Models\\Order', '1924e9e4-d4a4-48ea-a067-1df644414a84', '\"{\\\"status\\\":\\\"new\\\",\\\"cancelled_at\\\":null,\\\"cancellation_reason\\\":null,\\\"updated_at\\\":\\\"2026-01-25T20:23:16.000000Z\\\"}\"', '\"{\\\"status\\\":\\\"cancelled\\\",\\\"cancelled_at\\\":\\\"2026-01-26 03:36:59\\\",\\\"cancellation_reason\\\":\\\"teste\\\",\\\"updated_at\\\":\\\"2026-01-26 03:36:59\\\"}\"', '2026-01-26 03:36:59', '2026-01-26 03:36:59'),
('dbeebd2a-20bf-4784-b6f0-d3a0ba56aaf3', '8f99aef9-f9d7-46ce-9d39-8859e39638aa', '377a8d5a-b8b1-438d-9b04-e1a4bd341616', 'updated', 'App\\Models\\Order', '043abf8d-4713-4336-bbc5-894d209e0232', '\"{\\\"status\\\":\\\"new\\\",\\\"cancelled_at\\\":null,\\\"cancellation_reason\\\":null,\\\"updated_at\\\":\\\"2026-01-25T20:18:52.000000Z\\\"}\"', '\"{\\\"status\\\":\\\"cancelled\\\",\\\"cancelled_at\\\":\\\"2026-01-26 03:37:01\\\",\\\"cancellation_reason\\\":\\\"teste\\\",\\\"updated_at\\\":\\\"2026-01-26 03:37:01\\\"}\"', '2026-01-26 03:37:01', '2026-01-26 03:37:01'),
('0ead4164-4cc0-4bec-92b1-893c45626c4b', '8f99aef9-f9d7-46ce-9d39-8859e39638aa', '377a8d5a-b8b1-438d-9b04-e1a4bd341616', 'updated', 'App\\Models\\Order', '7bc25090-7d95-4f14-9815-083441e61b22', '\"{\\\"status\\\":\\\"new\\\",\\\"cancelled_at\\\":null,\\\"cancellation_reason\\\":null,\\\"updated_at\\\":\\\"2026-01-25T20:21:15.000000Z\\\"}\"', '\"{\\\"status\\\":\\\"cancelled\\\",\\\"cancelled_at\\\":\\\"2026-01-26 03:37:02\\\",\\\"cancellation_reason\\\":\\\"teste\\\",\\\"updated_at\\\":\\\"2026-01-26 03:37:02\\\"}\"', '2026-01-26 03:37:02', '2026-01-26 03:37:02'),
('912861e1-e311-494a-9484-2b991910d197', '8f99aef9-f9d7-46ce-9d39-8859e39638aa', '377a8d5a-b8b1-438d-9b04-e1a4bd341616', 'updated', 'App\\Models\\Order', '505e945a-29bd-4a14-b01b-648c0311b182', '\"{\\\"status\\\":\\\"new\\\",\\\"cancelled_at\\\":null,\\\"cancellation_reason\\\":null,\\\"updated_at\\\":\\\"2026-01-25T20:15:00.000000Z\\\"}\"', '\"{\\\"status\\\":\\\"cancelled\\\",\\\"cancelled_at\\\":\\\"2026-01-26 03:37:06\\\",\\\"cancellation_reason\\\":\\\"teste\\\",\\\"updated_at\\\":\\\"2026-01-26 03:37:06\\\"}\"', '2026-01-26 03:37:06', '2026-01-26 03:37:06'),
('afc8a45d-c7e1-43b2-9416-46175c090fab', '8f99aef9-f9d7-46ce-9d39-8859e39638aa', '377a8d5a-b8b1-438d-9b04-e1a4bd341616', 'updated', 'App\\Models\\Order', '223d9e21-5693-45f8-b32d-0fb80e514e85', '\"{\\\"status\\\":\\\"new\\\",\\\"cancelled_at\\\":null,\\\"cancellation_reason\\\":null,\\\"updated_at\\\":\\\"2026-01-25T20:16:45.000000Z\\\"}\"', '\"{\\\"status\\\":\\\"cancelled\\\",\\\"cancelled_at\\\":\\\"2026-01-26 03:37:08\\\",\\\"cancellation_reason\\\":\\\"teste\\\",\\\"updated_at\\\":\\\"2026-01-26 03:37:08\\\"}\"', '2026-01-26 03:37:08', '2026-01-26 03:37:08'),
('bfd4651a-be2c-4ad4-8c88-b11a375648e2', '8f99aef9-f9d7-46ce-9d39-8859e39638aa', '377a8d5a-b8b1-438d-9b04-e1a4bd341616', 'updated', 'App\\Models\\Order', 'd4533751-a408-4cdd-88ee-bfa15c4213f8', '\"{\\\"status\\\":\\\"new\\\",\\\"cancelled_at\\\":null,\\\"cancellation_reason\\\":null,\\\"updated_at\\\":\\\"2026-01-25T20:15:16.000000Z\\\"}\"', '\"{\\\"status\\\":\\\"cancelled\\\",\\\"cancelled_at\\\":\\\"2026-01-26 03:37:10\\\",\\\"cancellation_reason\\\":\\\"teste\\\",\\\"updated_at\\\":\\\"2026-01-26 03:37:10\\\"}\"', '2026-01-26 03:37:10', '2026-01-26 03:37:10'),
('b0ea6073-e320-4cef-889a-9eefd9f6a4f3', '8f99aef9-f9d7-46ce-9d39-8859e39638aa', '377a8d5a-b8b1-438d-9b04-e1a4bd341616', 'updated', 'App\\Models\\Order', '465af374-5237-45b4-a528-8f3f0b88f111', '\"{\\\"status\\\":\\\"new\\\",\\\"cancelled_at\\\":null,\\\"cancellation_reason\\\":null,\\\"updated_at\\\":\\\"2026-01-25T20:16:52.000000Z\\\"}\"', '\"{\\\"status\\\":\\\"cancelled\\\",\\\"cancelled_at\\\":\\\"2026-01-26 03:37:12\\\",\\\"cancellation_reason\\\":\\\"teste\\\",\\\"updated_at\\\":\\\"2026-01-26 03:37:12\\\"}\"', '2026-01-26 03:37:12', '2026-01-26 03:37:12'),
('d69ace04-1615-4b30-9158-e3814e4cc447', '8f99aef9-f9d7-46ce-9d39-8859e39638aa', '377a8d5a-b8b1-438d-9b04-e1a4bd341616', 'updated', 'App\\Models\\Order', '8a11fbf9-b5cd-467f-969f-607a81ff85c6', '\"{\\\"status\\\":\\\"preparing\\\",\\\"cancelled_at\\\":null,\\\"cancellation_reason\\\":null,\\\"updated_at\\\":\\\"2026-01-25T20:44:33.000000Z\\\"}\"', '\"{\\\"status\\\":\\\"cancelled\\\",\\\"cancelled_at\\\":\\\"2026-01-26 03:37:14\\\",\\\"cancellation_reason\\\":\\\"teste\\\",\\\"updated_at\\\":\\\"2026-01-26 03:37:14\\\"}\"', '2026-01-26 03:37:14', '2026-01-26 03:37:14'),
('e31e9520-c8ef-4246-af2a-0d1772e8527a', '8f99aef9-f9d7-46ce-9d39-8859e39638aa', '377a8d5a-b8b1-438d-9b04-e1a4bd341616', 'updated', 'App\\Models\\Order', '83ea0c69-f92e-4543-950d-393f652b08a5', '\"{\\\"status\\\":\\\"ready\\\",\\\"cancelled_at\\\":null,\\\"cancellation_reason\\\":null,\\\"updated_at\\\":\\\"2026-01-25T20:44:31.000000Z\\\"}\"', '\"{\\\"status\\\":\\\"cancelled\\\",\\\"cancelled_at\\\":\\\"2026-01-26 03:37:16\\\",\\\"cancellation_reason\\\":\\\"teste\\\",\\\"updated_at\\\":\\\"2026-01-26 03:37:16\\\"}\"', '2026-01-26 03:37:16', '2026-01-26 03:37:16'),
('8611e21b-8a7c-4e64-ba01-8032e0895d93', '8f99aef9-f9d7-46ce-9d39-8859e39638aa', '377a8d5a-b8b1-438d-9b04-e1a4bd341616', 'updated', 'App\\Models\\Order', '907abe81-5a8c-442b-a4c9-b25c91c8efc0', '\"{\\\"status\\\":\\\"ready\\\",\\\"cancelled_at\\\":null,\\\"cancellation_reason\\\":null,\\\"updated_at\\\":\\\"2026-01-25T20:13:33.000000Z\\\"}\"', '\"{\\\"status\\\":\\\"cancelled\\\",\\\"cancelled_at\\\":\\\"2026-01-26 03:37:18\\\",\\\"cancellation_reason\\\":\\\"teste\\\",\\\"updated_at\\\":\\\"2026-01-26 03:37:18\\\"}\"', '2026-01-26 03:37:18', '2026-01-26 03:37:18'),
('a41753a2-71e8-4538-8245-5d240c5b2d33', '8f99aef9-f9d7-46ce-9d39-8859e39638aa', '377a8d5a-b8b1-438d-9b04-e1a4bd341616', 'updated', 'App\\Models\\Order', '563b5810-4d3c-44ca-ab79-4b5696993b9e', '\"{\\\"status\\\":\\\"ready\\\",\\\"cancelled_at\\\":null,\\\"cancellation_reason\\\":null,\\\"updated_at\\\":\\\"2026-01-25T19:40:28.000000Z\\\"}\"', '\"{\\\"status\\\":\\\"cancelled\\\",\\\"cancelled_at\\\":\\\"2026-01-26 03:37:19\\\",\\\"cancellation_reason\\\":\\\"teste\\\",\\\"updated_at\\\":\\\"2026-01-26 03:37:19\\\"}\"', '2026-01-26 03:37:19', '2026-01-26 03:37:19'),
('b3d74cd5-7160-4a02-8b6d-4ef65f4c5982', '8f99aef9-f9d7-46ce-9d39-8859e39638aa', '377a8d5a-b8b1-438d-9b04-e1a4bd341616', 'updated', 'App\\Models\\Order', '9185131e-c7bd-4ca5-b3eb-5a6fd7a24b9a', '\"{\\\"status\\\":\\\"ready\\\",\\\"cancelled_at\\\":null,\\\"cancellation_reason\\\":null,\\\"updated_at\\\":\\\"2026-01-25T19:41:41.000000Z\\\"}\"', '\"{\\\"status\\\":\\\"cancelled\\\",\\\"cancelled_at\\\":\\\"2026-01-26 03:37:21\\\",\\\"cancellation_reason\\\":\\\"teste\\\",\\\"updated_at\\\":\\\"2026-01-26 03:37:21\\\"}\"', '2026-01-26 03:37:21', '2026-01-26 03:37:21'),
('ceddcf12-4341-440e-a1bf-c7ee1fc33a31', '8f99aef9-f9d7-46ce-9d39-8859e39638aa', '377a8d5a-b8b1-438d-9b04-e1a4bd341616', 'updated', 'App\\Models\\Order', '4d310625-f59e-4938-b3fe-fe7711012df4', '\"{\\\"status\\\":\\\"ready\\\",\\\"cancelled_at\\\":null,\\\"cancellation_reason\\\":null,\\\"updated_at\\\":\\\"2026-01-25T19:41:24.000000Z\\\"}\"', '\"{\\\"status\\\":\\\"cancelled\\\",\\\"cancelled_at\\\":\\\"2026-01-26 03:37:22\\\",\\\"cancellation_reason\\\":\\\"teste\\\",\\\"updated_at\\\":\\\"2026-01-26 03:37:22\\\"}\"', '2026-01-26 03:37:22', '2026-01-26 03:37:22'),
('f15cc383-1452-4cfd-aff1-b464b12cd318', '8f99aef9-f9d7-46ce-9d39-8859e39638aa', '377a8d5a-b8b1-438d-9b04-e1a4bd341616', 'updated', 'App\\Models\\Order', 'c96d75ee-7ab6-4b85-8844-bfce576a79d4', '\"{\\\"status\\\":\\\"ready\\\",\\\"cancelled_at\\\":null,\\\"cancellation_reason\\\":null,\\\"updated_at\\\":\\\"2026-01-25T19:39:33.000000Z\\\"}\"', '\"{\\\"status\\\":\\\"cancelled\\\",\\\"cancelled_at\\\":\\\"2026-01-26 03:37:24\\\",\\\"cancellation_reason\\\":\\\"teste\\\",\\\"updated_at\\\":\\\"2026-01-26 03:37:24\\\"}\"', '2026-01-26 03:37:24', '2026-01-26 03:37:24'),
('54426db1-1c5a-46d0-9943-bde4acc38b5f', '8f99aef9-f9d7-46ce-9d39-8859e39638aa', '377a8d5a-b8b1-438d-9b04-e1a4bd341616', 'updated', 'App\\Models\\Order', 'c722411a-6d15-4133-a705-6dd41fc39eb1', '\"{\\\"status\\\":\\\"ready\\\",\\\"cancelled_at\\\":null,\\\"cancellation_reason\\\":null,\\\"updated_at\\\":\\\"2026-01-25T19:38:44.000000Z\\\"}\"', '\"{\\\"status\\\":\\\"cancelled\\\",\\\"cancelled_at\\\":\\\"2026-01-26 03:37:25\\\",\\\"cancellation_reason\\\":\\\"teste\\\",\\\"updated_at\\\":\\\"2026-01-26 03:37:25\\\"}\"', '2026-01-26 03:37:25', '2026-01-26 03:37:25'),
('59ad977f-a73c-4c7d-9de0-c11952ce6d94', '8f99aef9-f9d7-46ce-9d39-8859e39638aa', '377a8d5a-b8b1-438d-9b04-e1a4bd341616', 'updated', 'App\\Models\\Order', '2718b98d-e315-45bb-9075-b0af831e8382', '\"{\\\"status\\\":\\\"ready\\\",\\\"cancelled_at\\\":null,\\\"cancellation_reason\\\":null,\\\"updated_at\\\":\\\"2026-01-25T12:49:05.000000Z\\\"}\"', '\"{\\\"status\\\":\\\"cancelled\\\",\\\"cancelled_at\\\":\\\"2026-01-26 03:37:26\\\",\\\"cancellation_reason\\\":\\\"teste\\\",\\\"updated_at\\\":\\\"2026-01-26 03:37:26\\\"}\"', '2026-01-26 03:37:26', '2026-01-26 03:37:26'),
('6770aa0e-d3a4-441d-8952-fe790a0051dd', '8f99aef9-f9d7-46ce-9d39-8859e39638aa', '377a8d5a-b8b1-438d-9b04-e1a4bd341616', 'updated', 'App\\Models\\Order', '3b7142aa-9689-42f0-a336-8e731cb4d1f3', '\"{\\\"status\\\":\\\"ready\\\",\\\"cancelled_at\\\":null,\\\"cancellation_reason\\\":null,\\\"updated_at\\\":\\\"2026-01-25T12:48:43.000000Z\\\"}\"', '\"{\\\"status\\\":\\\"cancelled\\\",\\\"cancelled_at\\\":\\\"2026-01-26 03:37:27\\\",\\\"cancellation_reason\\\":\\\"teste\\\",\\\"updated_at\\\":\\\"2026-01-26 03:37:27\\\"}\"', '2026-01-26 03:37:27', '2026-01-26 03:37:27'),
('68853005-980d-40bb-af25-23bc724756e8', '8f99aef9-f9d7-46ce-9d39-8859e39638aa', '377a8d5a-b8b1-438d-9b04-e1a4bd341616', 'updated', 'App\\Models\\Product', '4f9f8971-b6cc-4b99-81ca-70c085d0d05f', '\"{\\\"updated_at\\\":\\\"2026-01-26T01:55:13.000000Z\\\",\\\"is_promotional\\\":false}\"', '\"{\\\"updated_at\\\":\\\"2026-01-27 11:52:23\\\",\\\"is_promotional\\\":true}\"', '2026-01-27 11:52:23', '2026-01-27 11:52:23'),
('b98697ca-9ad8-4fe3-9b8e-01157a3ce963', '8f99aef9-f9d7-46ce-9d39-8859e39638aa', '377a8d5a-b8b1-438d-9b04-e1a4bd341616', 'updated', 'App\\Models\\Product', '4f9f8971-b6cc-4b99-81ca-70c085d0d05f', '\"{\\\"updated_at\\\":\\\"2026-01-27T11:52:23.000000Z\\\",\\\"is_promotional\\\":true}\"', '\"{\\\"updated_at\\\":\\\"2026-01-27 11:52:28\\\",\\\"is_promotional\\\":false}\"', '2026-01-27 11:52:28', '2026-01-27 11:52:28'),
('f16eb446-4a48-478f-8ade-49b3b0b4e719', '8f99aef9-f9d7-46ce-9d39-8859e39638aa', '377a8d5a-b8b1-438d-9b04-e1a4bd341616', 'updated', 'App\\Models\\Product', '4f9f8971-b6cc-4b99-81ca-70c085d0d05f', '\"{\\\"is_new\\\":false}\"', '\"{\\\"is_new\\\":true}\"', '2026-01-27 11:52:28', '2026-01-27 11:52:28'),
('59ed70f4-2702-43e5-b3f5-1a92c12267ec', '8f99aef9-f9d7-46ce-9d39-8859e39638aa', '377a8d5a-b8b1-438d-9b04-e1a4bd341616', 'updated', 'App\\Models\\Product', '4f9f8971-b6cc-4b99-81ca-70c085d0d05f', '\"{\\\"updated_at\\\":\\\"2026-01-27T11:52:28.000000Z\\\",\\\"is_new\\\":true}\"', '\"{\\\"updated_at\\\":\\\"2026-01-27 11:52:32\\\",\\\"is_new\\\":false}\"', '2026-01-27 11:52:32', '2026-01-27 11:52:32'),
('c8c1f8c9-ab75-4101-a54c-3bbab653bb61', '8f99aef9-f9d7-46ce-9d39-8859e39638aa', '377a8d5a-b8b1-438d-9b04-e1a4bd341616', 'updated', 'App\\Models\\Product', '4f9f8971-b6cc-4b99-81ca-70c085d0d05f', '\"{\\\"updated_at\\\":\\\"2026-01-27T11:52:32.000000Z\\\",\\\"is_exclusive\\\":false}\"', '\"{\\\"updated_at\\\":\\\"2026-01-27 11:52:33\\\",\\\"is_exclusive\\\":true}\"', '2026-01-27 11:52:33', '2026-01-27 11:52:33'),
('83c70c07-7bc0-4a1c-ab49-b03bf84188af', '8f99aef9-f9d7-46ce-9d39-8859e39638aa', '377a8d5a-b8b1-438d-9b04-e1a4bd341616', 'updated', 'App\\Models\\Product', '4f9f8971-b6cc-4b99-81ca-70c085d0d05f', '\"{\\\"updated_at\\\":\\\"2026-01-27T11:52:33.000000Z\\\",\\\"is_exclusive\\\":true}\"', '\"{\\\"updated_at\\\":\\\"2026-01-27 11:52:37\\\",\\\"is_exclusive\\\":false}\"', '2026-01-27 11:52:37', '2026-01-27 11:52:37'),
('8fc35b3e-d010-4db1-a949-a26ef0ab6bce', '8f99aef9-f9d7-46ce-9d39-8859e39638aa', '377a8d5a-b8b1-438d-9b04-e1a4bd341616', 'created', 'App\\Models\\Order', '4fc2b78c-0bd5-470d-8ded-481ddbee4147', NULL, '\"{\\\"tenant_id\\\":\\\"8f99aef9-f9d7-46ce-9d39-8859e39638aa\\\",\\\"order_number\\\":\\\"#0028\\\",\\\"status\\\":\\\"new\\\",\\\"customer_name\\\":\\\"Cliente Balc\\\\u00e3o\\\",\\\"customer_id\\\":null,\\\"total\\\":5,\\\"subtotal\\\":5,\\\"mode\\\":\\\"pickup\\\",\\\"payment_status\\\":\\\"paid\\\",\\\"motoboy_id\\\":null,\\\"id\\\":\\\"4fc2b78c-0bd5-470d-8ded-481ddbee4147\\\",\\\"updated_at\\\":\\\"2026-01-27T11:52:57.000000Z\\\",\\\"created_at\\\":\\\"2026-01-27T11:52:57.000000Z\\\"}\"', '2026-01-27 11:52:57', '2026-01-27 11:52:57'),
('7a2529ad-4315-4e53-a51f-50be4e599ecc', '8f99aef9-f9d7-46ce-9d39-8859e39638aa', '377a8d5a-b8b1-438d-9b04-e1a4bd341616', 'created', 'App\\Models\\Order', '522fda15-ee41-4ccc-a609-02fc60727d1e', NULL, '\"{\\\"tenant_id\\\":\\\"8f99aef9-f9d7-46ce-9d39-8859e39638aa\\\",\\\"order_number\\\":\\\"#0029\\\",\\\"status\\\":\\\"new\\\",\\\"customer_name\\\":\\\"Cliente Balc\\\\u00e3o\\\",\\\"customer_id\\\":null,\\\"total\\\":5,\\\"subtotal\\\":5,\\\"mode\\\":\\\"pickup\\\",\\\"payment_status\\\":\\\"paid\\\",\\\"motoboy_id\\\":null,\\\"id\\\":\\\"522fda15-ee41-4ccc-a609-02fc60727d1e\\\",\\\"updated_at\\\":\\\"2026-01-27T11:54:13.000000Z\\\",\\\"created_at\\\":\\\"2026-01-27T11:54:13.000000Z\\\"}\"', '2026-01-27 11:54:13', '2026-01-27 11:54:13'),
('b2ee0a25-47c0-4bbb-83b4-7aaf955280ee', '8f99aef9-f9d7-46ce-9d39-8859e39638aa', '377a8d5a-b8b1-438d-9b04-e1a4bd341616', 'updated', 'App\\Models\\Order', '4fc2b78c-0bd5-470d-8ded-481ddbee4147', '\"{\\\"status\\\":\\\"new\\\",\\\"updated_at\\\":\\\"2026-01-27T11:52:57.000000Z\\\"}\"', '\"{\\\"status\\\":\\\"preparing\\\",\\\"updated_at\\\":\\\"2026-01-27 11:57:41\\\"}\"', '2026-01-27 11:57:41', '2026-01-27 11:57:41');

-- Tabela: motoboy_location_history
DELETE FROM `motoboy_location_history`;
-- Tabela: personal_access_tokens
DELETE FROM `personal_access_tokens`;
INSERT INTO `personal_access_tokens` (`id`, `tokenable_type`, `tokenable_id`, `name`, `token`, `abilities`, `last_used_at`, `expires_at`, `created_at`, `updated_at`) VALUES 
(1, 'App\\Models\\User', '66ef6eac-eec3-4889-9e05-2f1f2ff093fe', 'test', 'de32032020ac71504331d6def3d2946a70422e8193f8704361e53710c2ec38b9', '[\"*\"]', NULL, NULL, '2026-01-22 03:13:08', '2026-01-22 03:13:08'),
(2, 'App\\Models\\User', '66ef6eac-eec3-4889-9e05-2f1f2ff093fe', 'test', '86971573a222a825a514212171f78421d1cee908b9e440497f702ef62ef09291', '[\"*\"]', NULL, NULL, '2026-01-22 03:14:20', '2026-01-22 03:14:20');

-- Tabela: customers
DELETE FROM `customers`;
INSERT INTO `customers` (`id`, `tenant_id`, `name`, `phone`, `email`, `password`, `loyalty_points`, `push_subscription`, `created_at`, `updated_at`, `loyalty_tier`) VALUES 
('452e5c73-8e64-4eae-b627-a478ecf498d4', '259feb9b-5f9a-43d3-a4c5-81aed1fe9140', 'Vertinho', '81998528017', NULL, NULL, 0, NULL, '2026-01-23 00:37:04', '2026-01-23 00:37:04', 'bronze'),
('16f93bd5-406a-48ce-a7d8-ca08ebd2aa97', '8f99aef9-f9d7-46ce-9d39-8859e39638aa', 'vertinho', '81998528017', NULL, NULL, 0, NULL, '2026-01-25 19:02:50', '2026-01-25 19:02:50', 'bronze');

-- Tabela: ingredients
DELETE FROM `ingredients`;
-- Tabela: complement_options
DELETE FROM `complement_options`;
INSERT INTO `complement_options` (`id`, `group_id`, `name`, `price`, `is_available`, `sort_order`, `created_at`, `updated_at`, `ingredient_id`, `max_quantity`) VALUES 
('05c8eb31-b15f-4eec-81bf-73503c2a93ff', 'baf9f77a-b6b2-4fe8-ab14-c0d101e298cd', 'hehe', 0, 1, 0, '2026-01-24 01:27:31', '2026-01-24 01:27:43', NULL, 2),
('ed2a8301-effb-4aca-a761-6d76e8e16c12', '197891ce-d702-4ec8-84ff-ed296efed5ad', 'teste', 0, 1, 0, '2026-01-25 14:25:57', '2026-01-25 14:36:28', NULL, 0);

-- Tabela: delivery_zones
DELETE FROM `delivery_zones`;
-- Tabela: payment_methods
DELETE FROM `payment_methods`;
INSERT INTO `payment_methods` (`id`, `tenant_id`, `name`, `type`, `fee_percentage`, `fee_fixed`, `is_active`, `display_order`, `created_at`, `updated_at`, `pix_key`, `pix_key_type`) VALUES 
('019bf54d-9ddf-727c-a3be-798bda5b95b4', '8f99aef9-f9d7-46ce-9d39-8859e39638aa', 'PIX', 'pix', 0, 0, 1, 0, '2026-01-25 13:17:43', '2026-01-25 13:17:43', NULL, NULL),
('019bf54d-a088-73c8-b358-2214da55f009', '8f99aef9-f9d7-46ce-9d39-8859e39638aa', 'PIX', 'pix', 0, 0, 1, 0, '2026-01-25 13:17:43', '2026-01-25 13:17:43', NULL, NULL),
('019bf54d-a2d6-7242-94cd-0a3222f01c90', '8f99aef9-f9d7-46ce-9d39-8859e39638aa', 'PIX', 'pix', 0, 0, 1, 0, '2026-01-25 13:17:44', '2026-01-25 13:17:44', NULL, NULL),
('019bf54d-a4d8-7382-b3c7-c56b48e8dead', '8f99aef9-f9d7-46ce-9d39-8859e39638aa', 'PIX', 'pix', 0, 0, 1, 0, '2026-01-25 13:17:45', '2026-01-25 13:17:45', NULL, NULL),
('019bf54d-a8fc-7261-b474-c6a5e260f44e', '8f99aef9-f9d7-46ce-9d39-8859e39638aa', 'Cartão de Crédito', 'credit_card', 0, 0, 1, 0, '2026-01-25 13:17:46', '2026-01-25 13:17:46', NULL, NULL),
('019bf54d-ab6a-73d0-8d73-4f1025da009e', '8f99aef9-f9d7-46ce-9d39-8859e39638aa', 'Cartão de Crédito', 'credit_card', 0, 0, 1, 0, '2026-01-25 13:17:46', '2026-01-25 13:17:46', NULL, NULL),
('019bf54d-ae29-7045-a5d7-868ecf00d17d', '8f99aef9-f9d7-46ce-9d39-8859e39638aa', 'Cartão de Débito', 'debit_card', 0, 0, 1, 0, '2026-01-25 13:17:47', '2026-01-25 13:17:47', NULL, NULL),
('019bf555-2cc7-712a-a64a-e8023292d835', '8f99aef9-f9d7-46ce-9d39-8859e39638aa', 'Cartão de Débito', 'debit_card', 0, 0, 0, 0, '2026-01-25 13:25:58', '2026-01-25 13:25:58', NULL, NULL),
('019bf555-374f-7262-9e87-9866097f02cf', '8f99aef9-f9d7-46ce-9d39-8859e39638aa', 'Cartão de Débito', 'debit_card', 0, 0, 0, 0, '2026-01-25 13:26:01', '2026-01-25 13:26:01', NULL, NULL),
('019bf555-3af7-7270-88cb-3d736e8754ff', '8f99aef9-f9d7-46ce-9d39-8859e39638aa', 'Cartão de Crédito', 'credit_card', 0, 0, 0, 0, '2026-01-25 13:26:02', '2026-01-25 13:26:02', NULL, NULL),
('019bf555-3dd7-7074-99e6-189e5eed26b8', '8f99aef9-f9d7-46ce-9d39-8859e39638aa', 'Cartão de Crédito', 'credit_card', 0, 0, 0, 0, '2026-01-25 13:26:02', '2026-01-25 13:26:02', NULL, NULL),
('019bf555-59a8-73d0-afc5-7236ac55e56c', '8f99aef9-f9d7-46ce-9d39-8859e39638aa', 'Cartão de Débito', 'debit_card', 0, 0, 0, 0, '2026-01-25 13:26:10', '2026-01-25 13:26:10', NULL, NULL),
('019bf555-608e-724d-b2f2-1b5e2948ace8', '8f99aef9-f9d7-46ce-9d39-8859e39638aa', 'Cartão de Débito', 'debit_card', 0, 0, 0, 0, '2026-01-25 13:26:11', '2026-01-25 13:26:11', NULL, NULL),
('019bf555-634f-73de-8862-fd8745ad81d4', '8f99aef9-f9d7-46ce-9d39-8859e39638aa', 'Dinheiro', 'cash', 0, 0, 1, 0, '2026-01-25 13:26:12', '2026-01-25 13:26:12', NULL, NULL),
('019bf555-6624-7346-a4cf-5a0e0da1b098', '8f99aef9-f9d7-46ce-9d39-8859e39638aa', 'Dinheiro', 'cash', 0, 0, 1, 0, '2026-01-25 13:26:13', '2026-01-25 13:26:13', NULL, NULL),
('019bf555-6b5f-7151-b271-d8887e45bc84', '8f99aef9-f9d7-46ce-9d39-8859e39638aa', 'Cartão de Crédito', 'credit_card', 0, 0, 0, 0, '2026-01-25 13:26:14', '2026-01-25 13:26:14', NULL, NULL),
('019bf555-6e7e-71c2-9bf8-817e2e24d6d0', '8f99aef9-f9d7-46ce-9d39-8859e39638aa', 'Cartão de Crédito', 'credit_card', 0, 0, 0, 0, '2026-01-25 13:26:15', '2026-01-25 13:26:15', NULL, NULL);

-- Tabela: api_credentials
DELETE FROM `api_credentials`;
INSERT INTO `api_credentials` (`id`, `tenant_id`, `service`, `key_name`, `encrypted_value`, `is_active`, `last_used_at`, `created_at`, `updated_at`) VALUES 
('9af78dee-1b79-41dc-8d5a-d99c285a0c4c', NULL, 'evolution', 'http://104.243.41.159:8080', 'eyJpdiI6IkJEZVR6SHNPbVJTNUVJcUxodUJNQWc9PSIsInZhbHVlIjoic3RwQTJaVTRMdmlrRW84VlhSK0RWbllEQTE0cndaa2VDV01NM3BtTnV5MTU3SWMxd1g2bEhYdDRCazl2OWRiWiIsIm1hYyI6IjJhYzIwY2Q3YjU3OGFkNjZhNDhkZDk1MGNkNzYyYTAzODVlZTk2MjIwY2Q3ZGU4OWM5NGZkNjBiNmY5OTk4YmMiLCJ0YWciOiIifQ==', 1, NULL, '2026-01-25 16:04:13', '2026-01-25 16:04:13');

-- Tabela: roles
DELETE FROM `roles`;
-- Tabela: permissions
DELETE FROM `permissions`;
-- Tabela: role_permission
DELETE FROM `role_permission`;
-- Tabela: user_role
DELETE FROM `user_role`;
-- Tabela: plan_limits
DELETE FROM `plan_limits`;
INSERT INTO `plan_limits` (`id`, `plan`, `display_name`, `price_monthly`, `price_yearly`, `max_products`, `max_users`, `max_orders_per_month`, `max_categories`, `max_coupons`, `max_motoboys`, `max_storage_mb`, `max_units`, `features`, `show_watermark`, `is_active`, `sort_order`, `created_at`, `updated_at`, `max_stock_items`) VALUES 
('1b92630d-1308-49d1-8fa4-05d0a06def0f', 'free', 'Gratuito', 0, 0, 30, 2, 300, 8, 3, 0, 100, 1, '[\"digital_menu\",\"whatsapp_orders\",\"basic_reports\",\"loyalty_basic\",\"multiple_payments\",\"delivery_zones\",\"tables\",\"customer_history\"]', 1, 1, 1, '2026-01-24 20:17:38', '2026-01-28 01:52:47', 20),
('08810fc4-e99f-4bed-9137-e90223782519', 'basic', 'Básico', 79.9, 838.8, 250, 5, NULL, NULL, 15, 10, 1024, 1, '[\"digital_menu\",\"whatsapp_orders\",\"whatsapp_bot\",\"auto_print\",\"motoboy_management\",\"whatsapp_integration\",\"basic_reports\",\"loyalty_basic\",\"multiple_payments\",\"delivery_zones\",\"tables\",\"customer_history\",\"advanced_coupons\",\"full_reports\"]', 0, 1, 2, '2026-01-24 20:17:38', '2026-01-28 01:49:13', NULL),
('02f7cc29-fdff-46a8-a94c-4892c9ca604d', 'custom', 'Personalizado', 199.9, 2158.8, NULL, NULL, NULL, NULL, NULL, NULL, 10240, 1, '[\"digital_menu\",\"whatsapp_orders\",\"whatsapp_bot\",\"auto_print\",\"motoboy_management\",\"whatsapp_integration\",\"basic_reports\",\"loyalty_basic\",\"multiple_payments\",\"delivery_zones\",\"tables\",\"customer_history\",\"advanced_coupons\",\"full_reports\",\"integrations\",\"api_access\",\"stock_management\",\"advanced_reports\",\"custom_domain\",\"priority_support\",\"advanced_themes\",\"remove_watermark\"]', 0, 1, 3, '2026-01-24 20:17:38', '2026-01-28 01:49:13', NULL);

-- Tabela: subscription_history
DELETE FROM `subscription_history`;
-- Tabela: whatsapp_instances
DELETE FROM `whatsapp_instances`;
-- Tabela: whatsapp_templates
DELETE FROM `whatsapp_templates`;
INSERT INTO `whatsapp_templates` (`id`, `key`, `name`, `message`, `is_active`, `created_at`, `updated_at`) VALUES 
('a8b53d42-cd25-4c56-9dd3-ac5af91e71c4', 'order_confirmed', 'Pedido Confirmado', '🎉 *Pedido Confirmado!*

Olá {customer_name}!

Seu pedido #{order_number} foi confirmado.

💰 Total: {order_total}
🏪 {store_name}

Obrigado pela preferência!', 1, '2026-01-25 15:39:36', '2026-01-25 15:39:36'),
('64311906-d70f-4f16-ac41-67e6800cc0a3', 'order_ready', 'Pedido Pronto', '✅ *Pedido Pronto!*

{customer_name}, seu pedido #{order_number} está pronto!

🛵 Saindo para entrega em breve.

{store_name}', 1, '2026-01-25 15:39:36', '2026-01-25 15:39:36'),
('4415cf63-085b-4922-a49e-186a6204b2bc', 'order_out_for_delivery', 'Saiu para Entrega', '🛵 *A caminho!*

{customer_name}, seu pedido #{order_number} saiu para entrega!

📍 Endereço: {delivery_address}

{store_name}', 1, '2026-01-25 15:39:36', '2026-01-25 15:39:36'),
('ce2b6807-2c07-4686-9fe5-12f687deefe6', 'order_delivered', 'Pedido Entregue', '🎉 *Entregue!*

{customer_name}, seu pedido #{order_number} foi entregue!

Bom apetite! 🍕

{store_name}', 1, '2026-01-25 15:39:36', '2026-01-25 15:39:36');

-- Tabela: whatsapp_message_logs
DELETE FROM `whatsapp_message_logs`;
-- Tabela: store_settings
DELETE FROM `store_settings`;
INSERT INTO `store_settings` (`id`, `tenant_id`, `store_name`, `logo_url`, `banner_url`, `address`, `phone`, `whatsapp`, `operating_hours`, `special_hours`, `delivery_radius_km`, `min_order_delivery`, `free_delivery_min`, `delivery_fee_per_km`, `delivery_fee_mode`, `fixed_delivery_fee`, `service_fee_percentage`, `suggested_tip_percentage`, `points_per_currency`, `currency_per_point`, `loyalty_enabled`, `printer_paper_width`, `auto_print_on_confirm`, `print_copies`, `print_footer_message`, `mapbox_token`, `store_latitude`, `store_longitude`, `mercadopago_access_token`, `mercadopago_public_key`, `evolution_api_url`, `evolution_api_key`, `evolution_instance_name`, `menu_theme`, `pwa_name`, `pwa_short_name`, `pwa_theme_color`, `pwa_background_color`, `created_at`, `updated_at`, `logo_path`, `banner_path`, `business_hours`, `theme_color`, `description`, `instagram`, `facebook`, `website`, `notification_settings`, `email`, `estimated_delivery_time`, `status_override`, `is_delivery_paused`, `paused_until`, `whatsapp_auto_messages_enabled`, `default_motoboy_id`) VALUES 
('d9bbf9fe-ae39-4c10-9314-c6f30f587da6', '259feb9b-5f9a-43d3-a4c5-81aed1fe9140', 'Pizzaria do Zé', NULL, NULL, NULL, NULL, NULL, NULL, NULL, 10, 0, NULL, 2, 'fixed', 5, 10, 10, 1, 0.1, 1, 80, 1, 1, NULL, NULL, NULL, NULL, NULL, NULL, NULL, NULL, NULL, NULL, NULL, NULL, '#f97316', '#ffffff', '2026-01-23 00:20:46', '2026-01-25 01:19:16', 'logos/rVpw4AqQ58tZ3GR8WGUDZoIEyX86AJT18Kgj1xaf.jpg', NULL, '{\"monday\":{\"is_open\":true,\"open_time\":\"09:00\",\"close_time\":\"23:00\"},\"tuesday\":{\"is_open\":true,\"open_time\":\"09:00\",\"close_time\":\"23:00\"},\"wednesday\":{\"is_open\":true,\"open_time\":\"09:00\",\"close_time\":\"23:00\"},\"thursday\":{\"is_open\":true,\"open_time\":\"09:00\",\"close_time\":\"23:00\"},\"friday\":{\"is_open\":true,\"open_time\":\"09:00\",\"close_time\":\"23:00\"},\"saturday\":{\"is_open\":true,\"open_time\":\"09:00\",\"close_time\":\"23:00\"},\"sunday\":{\"is_open\":true,\"open_time\":\"09:00\",\"close_time\":\"23:00\"}}', '#ff3d03', NULL, NULL, NULL, NULL, NULL, NULL, 30, NULL, 0, NULL, 0, NULL),
('39a2bbbc-77a5-4d28-adae-a43b8e60f315', '77be2b77-524f-48df-b16f-84266cba17e7', 'vertinho lanches', NULL, NULL, 'testedsadasd', '(81) 99852-8017', '(81) 99852-8017', NULL, NULL, 10, 0, NULL, 2, 'fixed', 5, 10, 10, 1, 0.01, 0, 80, 0, 1, NULL, NULL, NULL, NULL, NULL, NULL, NULL, NULL, NULL, NULL, NULL, NULL, '#f97316', '#ffffff', '2026-01-24 23:44:58', '2026-01-25 01:51:30', NULL, NULL, '\"{\\\"monday\\\":{\\\"is_open\\\":true,\\\"open_time\\\":\\\"09:00\\\",\\\"close_time\\\":\\\"23:00\\\"},\\\"tuesday\\\":{\\\"is_open\\\":true,\\\"open_time\\\":\\\"09:00\\\",\\\"close_time\\\":\\\"23:00\\\"},\\\"wednesday\\\":{\\\"is_open\\\":true,\\\"open_time\\\":\\\"09:00\\\",\\\"close_time\\\":\\\"23:00\\\"},\\\"thursday\\\":{\\\"is_open\\\":true,\\\"open_time\\\":\\\"09:00\\\",\\\"close_time\\\":\\\"23:00\\\"},\\\"friday\\\":{\\\"is_open\\\":true,\\\"open_time\\\":\\\"09:00\\\",\\\"close_time\\\":\\\"23:00\\\"},\\\"saturday\\\":{\\\"is_open\\\":true,\\\"open_time\\\":\\\"09:00\\\",\\\"close_time\\\":\\\"23:00\\\"},\\\"sunday\\\":{\\\"is_open\\\":true,\\\"open_time\\\":\\\"09:00\\\",\\\"close_time\\\":\\\"23:00\\\"}}\"', '#ff3d03', NULL, '@jcpas', NULL, NULL, '\"{\\\"browser_notifications\\\":true,\\\"sound_enabled\\\":true,\\\"order_created\\\":true,\\\"order_status_updated\\\":true,\\\"stock_low_warning\\\":true}\"', NULL, 30, 'open', 0, NULL, 0, NULL),
('c24f4374-a43b-4a66-b241-e7bcb3097a69', '8f99aef9-f9d7-46ce-9d39-8859e39638aa', 'vertinholanches', NULL, NULL, 'dsadsadasdsadasdsad', '(81) 99629-9224', '(81) 99629-9224', NULL, NULL, 10, 0, NULL, 2, 'fixed', 5, 10, 10, 1, 0.01, 1, 80, 0, 1, NULL, NULL, NULL, NULL, NULL, NULL, NULL, NULL, NULL, NULL, NULL, NULL, '#f97316', '#ffffff', '2026-01-25 12:41:11', '2026-01-27 12:02:55', NULL, NULL, '\"{\\\"monday\\\":{\\\"is_open\\\":true,\\\"open_time\\\":\\\"09:00\\\",\\\"close_time\\\":\\\"18:00\\\"},\\\"tuesday\\\":{\\\"is_open\\\":true,\\\"open_time\\\":\\\"09:00\\\",\\\"close_time\\\":\\\"18:00\\\"},\\\"wednesday\\\":{\\\"is_open\\\":true,\\\"open_time\\\":\\\"09:00\\\",\\\"close_time\\\":\\\"18:00\\\"},\\\"thursday\\\":{\\\"is_open\\\":true,\\\"open_time\\\":\\\"09:00\\\",\\\"close_time\\\":\\\"18:00\\\"},\\\"friday\\\":{\\\"is_open\\\":true,\\\"open_time\\\":\\\"09:00\\\",\\\"close_time\\\":\\\"18:00\\\"},\\\"saturday\\\":{\\\"is_open\\\":true,\\\"open_time\\\":\\\"09:00\\\",\\\"close_time\\\":\\\"14:00\\\"},\\\"sunday\\\":{\\\"is_open\\\":true,\\\"open_time\\\":\\\"09:00\\\",\\\"close_time\\\":\\\"23:00\\\"}}\"', '#ff3d03', NULL, '@jcpastelteste', 'teste', 'http://teste.com.br', '\"{\\\"browser_notifications\\\":true,\\\"sound_enabled\\\":true,\\\"order_created\\\":true,\\\"order_status_updated\\\":true,\\\"stock_low_warning\\\":true}\"', 'teste@teste.com', 30, NULL, 0, NULL, 0, NULL);

SET FOREIGN_KEY_CHECKS=1;
